,Data,Dataset_name,Balance_Class,Balance_Sensitive,Fairness_cost_function,Dataset_training_size,Dataset_testing_size,Fairness_cost_multiplier,Test_loss_predictor,Test_loss_Discriminator_fool,Test_total_loss_gen,Train_loss_predictor,Train_loss_Discriminator_fool,Train_total_loss_gen,Dataset_fairness_Demographic_Parity,Report_DNN_Discriminator_Training_Accuracy,Report_DNN_Discriminator_Training_precision,Report_DNN_Discriminator_Training_recall,Report_DNN_Discriminator_Training_f1,Report_DNN_Discriminator_Testing_Accuracy,Report_DNN_Discriminator_Testing_precision,Report_DNN_Discriminator_Testing_recall,Report_DNN_Discriminator_Testing_f1,Report_Predictor_Training_Accuracy,Report_Predictor_Training_precision,Report_Predictor_Training_recall,Report_Predictor_Training_f1,Report_Predictor_Testing_Accuracy,Report_Predictor_Testing_precision,Report_Predictor_Testing_recall,Report_Predictor_Testing_f1,Report_Before_CatBoost_Prediction_Training_Accuracy,Report_Before_CatBoost_Prediction_Training_precision,Report_Before_CatBoost_Prediction_Training_recall,Report_Before_CatBoost_Prediction_Training_f1,Report_Before_CatBoost_Prediction_Testing_Accuracy,Report_Before_CatBoost_Prediction_Testing_precision,Report_Before_CatBoost_Prediction_Testing_recall,Report_Before_CatBoost_Prediction_Testing_f1,Report_After_CatBoost_Prediction_Training_Accuracy,Report_After_CatBoost_Prediction_Training_precision,Report_After_CatBoost_Prediction_Training_recall,Report_After_CatBoost_Prediction_Training_f1,Report_After_CatBoost_Prediction_Testing_Accuracy,Report_After_CatBoost_Prediction_Testing_precision,Report_After_CatBoost_Prediction_Testing_recall,Report_After_CatBoost_Prediction_Testing_f1,Report_Before_CatBoost_Sensitive_Training_Accuracy,Report_Before_CatBoost_Sensitive_Training_precision,Report_Before_CatBoost_Sensitive_Training_recall,Report_Before_CatBoost_Sensitive_Training_f1,Report_Before_CatBoost_Sensitive_Testing_Accuracy,Report_Before_CatBoost_Sensitive_Testing_precision,Report_Before_CatBoost_Sensitive_Testing_recall,Report_Before_CatBoost_Sensitive_Testing_f1,Report_After_CatBoost_Sensitive_Training_Accuracy,Report_After_CatBoost_Sensitive_Training_precision,Report_After_CatBoost_Sensitive_Training_recall,Report_After_CatBoost_Sensitive_Training_f1,Report_After_CatBoost_Sensitive_Testing_Accuracy,Report_After_CatBoost_Sensitive_Testing_precision,Report_After_CatBoost_Sensitive_Testing_recall,Report_After_CatBoost_Sensitive_Testing_f1,Fairness_Equal_Odd_Before_CatBoost_prediction_Training,Fairness_Equal_Odd_Before_CatBoost_prediction_Testing,Fairness_Equal_Odd_DNN_prediction_Training,Fairness_Equal_Odd_DNN_prediction_Testing,Fairness_Equal_Odd_After_CatBoost_prediction_Training,Fairness_Equal_Odd_After_CatBoost_prediction_Testing,Fairness_Equal_Opportunity_Before_CatBoost_prediction_Training,Fairness_Equal_Opportunity_Before_CatBoost_prediction_Testing,Fairness_Equal_Opportunity_DNN_prediction_Training,Fairness_Equal_Opportunity_DNN_prediction_Testing,Fairness_Equal_Opportunity_After_CatBoost_prediction_Training,Fairness_Equal_Opportunity_After_CatBoost_prediction_Testing,Fairness_Demographic_Parity_Before_CatBoost_prediction_Training,Fairness_Demographic_Parity_Before_CatBoost_prediction_Testing,Fairness_Demographic_Parity_DNN_prediction_Training,Fairness_Demographic_Parity_DNN_prediction_Testing,Fairness_Demographic_Parity_After_CatBoost_prediction_Training,Fairness_Demographic_Parity_After_CatBoost_prediction_Testing,Fairness_Treatment_Equality_Before_CatBoost_prediction_Training,Fairness_Treatment_Equality_Before_CatBoost_prediction_Testing,Fairness_Treatment_Equality_DNN_prediction_Training,Fairness_Treatment_Equality_DNN_prediction_Testing,Fairness_Treatment_Equality_After_CatBoost_prediction_Training,Fairness_Treatment_Equality_After_CatBoost_prediction_Testing
0,4/17/2024 3:58,Gender_Pay_Gap,0,0,Demographic Parity,241000,103287,0,0.014659802,0.7246587,0.9312333,0.012120094,0.72474194,0.9587407,0.197481061,0.598954357,0.598816264,0.598954357,0.598815583,0.598904025,0.598750207,0.598904025,0.598760648,0.996485477,0.996489852,0.996485477,0.996485352,0.995391482,0.995396875,0.995391482,0.995391286,0.999995851,0.999995851,0.999995851,0.999995851,1,1,1,1,0.997257261,0.99725998,0.997257261,0.997257186,0.995575435,0.995577585,0.995575435,0.995575318,0.773190871,0.773527949,0.773190871,0.773214346,0.77425039,0.774711772,0.77425039,0.774276469,0.674705394,0.675116258,0.674705394,0.674033227,0.675506114,0.675809207,0.675506114,0.674867043,2.07E-05,0,0.002984493,0.004380308,0.002984493,0.004380308,0,0,0.002018356,0.002364503,0.001568482,0.002334343,0.197451579,0.197567346,0.195394395,0.194930305,0.196255014,0.195636913,2.07E-05,0,0.002018356,0.002364503,0.001568482,0.002334343
1,4/17/2024 16:21,Gender_Pay_Gap,0,0,Demographic Parity,241000,103287,0.5,0.017460367,0.7267081,0.9348926,0.015237835,0.7266745,0.9196106,0.197481061,0.550481328,0.553190045,0.550481328,0.548554464,0.550611403,0.55347577,0.550611403,0.548751792,0.994460581,0.994504121,0.994460581,0.994459882,0.993571311,0.993617652,0.993571311,0.993570421,0.999995851,0.999995851,0.999995851,0.999995851,1,1,1,1,0.997605809,0.997607601,0.997605809,0.997605756,0.995769071,0.995771651,0.995769071,0.995768948,0.773190871,0.773527949,0.773190871,0.773214346,0.77425039,0.774711772,0.77425039,0.774276469,0.711497925,0.711812372,0.711497925,0.711528368,0.711715898,0.712039394,0.711715898,0.711754618,2.07E-05,0,0.001715254,0.002148301,0.001715254,0.002148301,0,0,0.000828019,0.000918237,0.001061375,0.000835206,0.197451579,0.197567346,0.193496983,0.1933851,0.196281148,0.196097365,2.07E-05,0,0.002774314,0.002425834,0.001061375,0.001313095
2,4/18/2024 3:55,Gender_Pay_Gap,0,0,Demographic Parity,241000,103287,1,0.021647006,0.76507217,0.9738356,0.018451128,0.7650223,1.1725034,0.197481061,0.587713693,0.588111341,0.587713693,0.585284672,0.587295594,0.587550094,0.587295594,0.584841875,0.992962656,0.992970169,0.992962656,0.992962919,0.991373551,0.991380291,0.991373551,0.991373876,0.999995851,0.999995851,0.999995851,0.999995851,1,1,1,1,0.996423237,0.996424928,0.996423237,0.996423158,0.993735901,0.993738189,0.993735901,0.993735725,0.773190871,0.773527949,0.773190871,0.773214346,0.77425039,0.774711772,0.77425039,0.774276469,0.678908714,0.678920353,0.678908714,0.67891408,0.679737043,0.679741602,0.679737043,0.679739261,2.07E-05,0,0.003083862,0.002846109,0.003083862,0.002846109,0,0,0.01102846,0.009134237,0.002272388,0.002497001,0.197451579,0.197567346,0.187294523,0.188214086,0.194529848,0.193696788,2.07E-05,0,0.01102846,0.009134237,0.002272388,0.002497001
3,4/18/2024 12:26,Gender_Pay_Gap,0,0,Demographic Parity,241000,103287,1.5,0.049633767,0.7438439,0.95655453,0.048043862,0.74413633,0.8609085,0.197481061,0.586551867,0.586441286,0.586551867,0.585382099,0.585833648,0.585625027,0.585833648,0.584687479,0.976626556,0.976681509,0.976626556,0.976628549,0.976202233,0.976266778,0.976202233,0.976204562,0.999995851,0.999995851,0.999995851,0.999995851,1,1,1,1,0.98773444,0.987734746,0.98773444,0.987734287,0.9862519,0.986252321,0.9862519,0.986252004,0.773190871,0.773527949,0.773190871,0.773214346,0.77425039,0.774711772,0.77425039,0.774276469,0.652995851,0.658490546,0.652995851,0.648319534,0.652018163,0.65684563,0.652018163,0.647562986,2.07E-05,0,0.012894958,0.014535256,0.012894958,0.014535256,0,0,0.033680893,0.031576722,0.008964001,0.010312684,0.197451579,0.197567346,0.162781842,0.163921578,0.18636087,0.185105818,2.07E-05,0,0.033680893,0.031576722,0.008964001,0.010312684
4,4/18/2024 20:55,Gender_Pay_Gap,0,0,Demographic Parity,241000,103287,2,0.16680527,0.7595645,0.9899747,0.16625148,0.7598929,1.0575683,0.197481061,0.561580913,0.612872598,0.561580913,0.515054471,0.560632025,0.611914713,0.560632025,0.514491524,0.943273859,0.943367248,0.943273859,0.943279545,0.942383843,0.942495749,0.942383843,0.942390501,0.999995851,0.999995851,0.999995851,0.999995851,1,1,1,1,0.982307054,0.982312451,0.982307054,0.982306264,0.980684888,0.980687165,0.980684888,0.980684249,0.773190871,0.773527949,0.773190871,0.773214346,0.77425039,0.774711772,0.77425039,0.774276469,0.735273859,0.738323499,0.735273859,0.734870288,0.734167901,0.73746542,0.734167901,0.733752774,2.07E-05,0,0.009033103,0.007782741,0.009033103,0.007782741,0,0,0.074576976,0.076176855,0.003925744,0.001875513,0.197451579,0.197567346,0.113229241,0.111516362,0.186105145,0.186209335,2.07E-05,0,0.074576976,0.076176855,0.00510736,0.005907228
5,4/19/2024 5:29,Gender_Pay_Gap,0,0,Demographic Parity,241000,103287,2.5,0.17026173,0.7527859,0.9854213,0.1693981,0.75289387,0.930424,0.197481061,0.580116183,0.585002587,0.580116183,0.569260048,0.579724457,0.584196123,0.579724457,0.568854967,0.931626556,0.93172716,0.931626556,0.93160883,0.930407505,0.930502099,0.930407505,0.930388999,0.999995851,0.999995851,0.999995851,0.999995851,1,1,1,1,0.956825726,0.956881328,0.956825726,0.956829365,0.955483265,0.955538287,0.955483265,0.955487294,0.773190871,0.773527949,0.773190871,0.773214346,0.77425039,0.774711772,0.77425039,0.774276469,0.619340249,0.620651097,0.619340249,0.616803479,0.620097399,0.621287126,0.620097399,0.617534473,2.07E-05,0,0.076801864,0.079823689,0.076801864,0.079823689,0,0,0.068550521,0.069025154,0.03672159,0.037731458,0.197451579,0.197567346,0.095457644,0.092786848,0.143549711,0.141691708,2.07E-05,0,0.087608224,0.091981308,0.040080274,0.042092231
6,4/19/2024 14:07,Gender_Pay_Gap,0,0,Demographic Parity,241000,103287,3,0.17842433,0.85278964,1.0980833,0.17758219,0.85331523,1.0811707,0.197481061,0.504074689,0.558406716,0.504074689,0.388026859,0.503809773,0.560520016,0.503809773,0.388428152,0.928987552,0.929165725,0.928987552,0.92899581,0.928403381,0.928583329,0.928403381,0.92841265,0.999995851,0.999995851,0.999995851,0.999995851,1,1,1,1,0.975427386,0.975428517,0.975427386,0.975427668,0.973733384,0.973736294,0.973733384,0.973733944,0.773190871,0.773527949,0.773190871,0.773214346,0.77425039,0.774711772,0.77425039,0.774276469,0.727684647,0.727701396,0.727684647,0.727691771,0.728252345,0.728351563,0.728252345,0.728279307,2.07E-05,0,0.006394533,0.004998275,0.006394533,0.004998275,0,0,0.086653105,0.087073896,0.005775798,0.004043048,0.197451579,0.197567346,0.093411208,0.091697558,0.184630718,0.18476713,2.07E-05,0,0.086653105,0.087073896,0.005775798,0.004043048
7,4/19/2024 22:34,Gender_Pay_Gap,0,0,Demographic Parity,241000,103287,3.5,0.20252982,0.7417389,0.9865791,0.20209202,0.74250567,1.0310396,0.197481061,0.561116183,0.564054762,0.561116183,0.549672498,0.560874069,0.563487435,0.560874069,0.54926529,0.918775934,0.918851393,0.918775934,0.918757027,0.917918034,0.91798553,0.917918034,0.917898828,0.999995851,0.999995851,0.999995851,0.999995851,1,1,1,1,0.95680083,0.956827512,0.95680083,0.956803493,0.955425175,0.955449336,0.955425175,0.955427967,0.773190871,0.773527949,0.773190871,0.773214346,0.77425039,0.774711772,0.77425039,0.774276469,0.626954357,0.627333854,0.626954357,0.626986238,0.623795831,0.624282333,0.623795831,0.623830834,2.07E-05,0,0.070701522,0.072246039,0.070701522,0.072246039,0,0,0.085271946,0.087305226,0.039937485,0.039554157,0.197451579,0.197567346,0.079687444,0.076124398,0.146367342,0.145209292,2.07E-05,0,0.092985066,0.097927772,0.039937485,0.039554157
8,4/20/2024 7:06,Gender_Pay_Gap,0,0,Demographic Parity,241000,103287,4,0.24793883,0.74888563,1.0289515,0.24758682,0.74961895,1.0395404,0.197481061,0.58073029,0.58304905,0.58073029,0.579707383,0.578591691,0.581049371,0.578591691,0.577578119,0.889970954,0.891650558,0.889970954,0.889759062,0.890412153,0.892063381,0.890412153,0.890197789,0.999995851,0.999995851,0.999995851,0.999995851,1,1,1,1,0.910041494,0.911862444,0.910041494,0.910011664,0.908275001,0.910285128,0.908275001,0.908242278,0.773190871,0.773527949,0.773190871,0.773214346,0.77425039,0.774711772,0.77425039,0.774276469,0.588875519,0.595673773,0.588875519,0.584577756,0.585533513,0.592520417,0.585533513,0.581181746,2.07E-05,0,0.182412905,0.186054357,0.182412905,0.186054357,0,0,0.090261272,0.089779675,0.117415816,0.119791722,0.197451579,0.197567346,0.044109093,0.042668269,0.074155391,0.071819529,2.07E-05,0,0.138482974,0.14259948,0.117415816,0.119791722
9,4/20/2024 15:39,Gender_Pay_Gap,0,0,Demographic Parity,241000,103287,4.5,0.24854743,0.7637473,1.04372,0.24812406,0.7641802,1.0704491,0.197481061,0.576543568,0.586717235,0.576543568,0.568434963,0.57638425,0.58745288,0.57638425,0.567834669,0.895908714,0.89614929,0.895908714,0.895857389,0.89578553,0.896022635,0.89578553,0.895731996,0.999995851,0.999995851,0.999995851,0.999995851,1,1,1,1,0.948452282,0.948698568,0.948452282,0.948458401,0.947931492,0.948207421,0.947931492,0.947938502,0.773190871,0.773527949,0.773190871,0.773214346,0.77425039,0.774711772,0.77425039,0.774276469,0.654448133,0.654562215,0.654448133,0.653917987,0.65513569,0.65517748,0.65513569,0.654629337,2.07E-05,0,0.056172239,0.057909063,0.056172239,0.057909063,0,0,0.10476178,0.1056737,0.038433029,0.040061862,0.197451579,0.197567346,0.048207451,0.045608417,0.150035271,0.149100365,2.07E-05,0,0.120215424,0.124872761,0.038433029,0.040061862
10,4/21/2024 0:08,Gender_Pay_Gap,0,0,Demographic Parity,241000,103287,5,0.28288513,0.7539559,1.0662851,0.28199455,0.7537939,1.0598624,0.197481061,0.560228216,0.560380086,0.560228216,0.556231711,0.561706701,0.561722564,0.561706701,0.557732844,0.891248963,0.892761515,0.891248963,0.891223873,0.890392789,0.89197257,0.890392789,0.890369651,0.999995851,0.999995851,0.999995851,0.999995851,1,1,1,1,0.90306639,0.904218279,0.90306639,0.903057396,0.901129861,0.902440011,0.901129861,0.901119225,0.773190871,0.773527949,0.773190871,0.773214346,0.77425039,0.774711772,0.77425039,0.774276469,0.591543568,0.592402491,0.591543568,0.591433475,0.589628898,0.590545232,0.589628898,0.589540785,2.07E-05,0,0.199011838,0.205502184,0.199011838,0.205502184,0,0,0.147616464,0.150728453,0.123209505,0.127810279,0.197451579,0.197567346,0.041576832,0.038309694,0.063402017,0.059615148,2.07E-05,0,0.147616464,0.150728453,0.123209505,0.127810279
11,4/21/2024 8:50,Gender_Pay_Gap,0,0,Demographic Parity,241000,103287,5.5,0.27417365,0.7313187,1.023194,0.27399445,0.7325889,1.1250577,0.197481061,0.537029046,0.538751588,0.537029046,0.535960982,0.534568726,0.536468264,0.534568726,0.533451546,0.908630705,0.90870467,0.908630705,0.908608737,0.908584817,0.908639506,0.908584817,0.908564707,0.999995851,0.999995851,0.999995851,0.999995851,1,1,1,1,0.947941909,0.947983905,0.947941909,0.94794579,0.947079497,0.947129544,0.947079497,0.947084063,0.773190871,0.773527949,0.773190871,0.773214346,0.77425039,0.774711772,0.77425039,0.774276469,0.643742739,0.64414319,0.643742739,0.643771406,0.642346084,0.642856146,0.642346084,0.642377482,2.07E-05,0,0.080640412,0.084568672,0.080640412,0.084568672,0,0,0.092953312,0.095747447,0.047542273,0.049785301,0.197451579,0.197567346,0.07163367,0.068973182,0.138061968,0.135942492,2.07E-05,0,0.093615042,0.0965443,0.047542273,0.049785301
12,4/21/2024 17:18,Gender_Pay_Gap,0,0,Demographic Parity,241000,103287,6,0.27474263,0.76733565,1.0643587,0.27442658,0.76801366,1.1879146,0.197481061,0.583634855,0.584127462,0.583634855,0.583644115,0.582812939,0.58340821,0.582812939,0.582823954,0.873298755,0.876998428,0.873298755,0.872821534,0.873478753,0.877038459,0.873478753,0.873006162,0.999995851,0.999995851,0.999995851,0.999995851,1,1,1,1,0.900244813,0.904495468,0.900244813,0.900103782,0.898961147,0.903505075,0.898961147,0.898811869,0.773190871,0.773527949,0.773190871,0.773214346,0.77425039,0.774711772,0.77425039,0.774276469,0.592427386,0.597964904,0.592427386,0.589251231,0.59134257,0.597328343,0.59134257,0.588012562,2.07E-05,0,0.199197064,0.203711684,0.199197064,0.203711684,0,0,0.089971908,0.092556888,0.144608705,0.148387723,0.197451579,0.197567346,0.029636329,0.026344586,0.062106378,0.059523954,2.07E-05,0,0.155130309,0.159772652,0.144608705,0.148387723
13,4/22/2024 1:54,Gender_Pay_Gap,0,0,Demographic Parity,241000,103287,6.5,0.2923156,0.7308685,1.0436661,0.29180783,0.73154706,1.061832,0.197481061,0.577141079,0.58076745,0.577141079,0.57502363,0.575638754,0.579546974,0.575638754,0.573447103,0.882074689,0.882274203,0.882074689,0.882088567,0.881669523,0.881904867,0.881669523,0.881685371,0.999995851,0.999995851,0.999995851,0.999995851,1,1,1,1,0.893124481,0.898631069,0.893124481,0.892905202,0.891970916,0.897837103,0.891970916,0.891739291,0.773190871,0.773527949,0.773190871,0.773214346,0.77425039,0.774711772,0.77425039,0.774276469,0.570390041,0.573912225,0.570390041,0.568186366,0.568677568,0.572484433,0.568677568,0.566384018,2.07E-05,0,0.210510271,0.21460134,0.210510271,0.21460134,0,0,0.145939391,0.149531444,0.160803303,0.165037327,0.197451579,0.197567346,0.033589689,0.030445082,0.05377102,0.051430796,2.07E-05,0,0.145939391,0.149531444,0.160803303,0.165037327
14,4/22/2024 10:27,Gender_Pay_Gap,0,0,Demographic Parity,241000,103287,7,0.3808372,0.74127984,1.1338809,0.3805071,0.7410951,1.1399308,0.197481061,0.51139834,0.508294962,0.51139834,0.480319598,0.515040615,0.512393048,0.515040615,0.484155344,0.853008299,0.859240555,0.853008299,0.852105539,0.852662968,0.858667187,0.852662968,0.851767502,0.999995851,0.999995851,0.999995851,0.999995851,1,1,1,1,0.878792531,0.879827751,0.878792531,0.878784675,0.878087271,0.879241842,0.878087271,0.878079076,0.773190871,0.773527949,0.773190871,0.773214346,0.77425039,0.774711772,0.77425039,0.774276469,0.627352697,0.627280089,0.627352697,0.626906274,0.625780592,0.625647405,0.625780592,0.625365329,2.07E-05,0,0.240417233,0.246665711,0.240417233,0.246665711,0,0,0.098138756,0.099875821,0.14196574,0.147810601,0.197451579,0.197567346,0.006727849,0.004573614,0.033935589,0.030723128,2.07E-05,0,0.177874189,0.180530613,0.14196574,0.147810601
15,4/22/2024 19:04,Gender_Pay_Gap,0,0,Demographic Parity,241000,103287,7.5,0.3919528,0.7357004,1.1277432,0.39204517,0.7356317,1.1606231,0.197481061,0.558261411,0.566329037,0.558261411,0.5503889,0.560196346,0.568729403,0.560196346,0.552463424,0.872,0.880816586,0.872,0.871496015,0.870806587,0.880014644,0.870806587,0.87028448,0.999995851,0.999995851,0.999995851,0.999995851,1,1,1,1,0.891763485,0.892248185,0.891763485,0.891773354,0.89017979,0.890763049,0.89017979,0.890190407,0.773190871,0.773527949,0.773190871,0.773214346,0.77425039,0.774711772,0.77425039,0.774276469,0.58919917,0.596416644,0.58919917,0.584584909,0.587489229,0.595224311,0.587489229,0.582644039,2.07E-05,0,0.20320301,0.212937127,0.20320301,0.212937127,0,0,0.171852979,0.177645733,0.120385132,0.125534764,0.197451579,0.197567346,0.039011544,0.034509526,0.056912721,0.051716628,2.07E-05,0,0.171852979,0.177645733,0.120385132,0.125534764
16,4/23/2024 3:41,Gender_Pay_Gap,0,0,Demographic Parity,241000,103287,8,0.4712064,0.7137752,1.1878372,0.47087616,0.7138566,1.1970143,0.197481061,0.532219917,0.558334691,0.532219917,0.490204219,0.532332239,0.559704198,0.532332239,0.490156183,0.867423237,0.867856078,0.867423237,0.867436398,0.867011337,0.867555985,0.867011337,0.86702497,0.999995851,0.999995851,0.999995851,0.999995851,1,1,1,1,0.890697095,0.890736553,0.890697095,0.890704456,0.890605788,0.890667581,0.890605788,0.89061556,0.773190871,0.773527949,0.773190871,0.773214346,0.77425039,0.774711772,0.77425039,0.774276469,0.627190871,0.627155934,0.627190871,0.626652817,0.628152623,0.628048779,0.628152623,0.627668339,2.07E-05,0,0.152356322,0.156622082,0.152356322,0.156622082,0,0,0.14461036,0.148710327,0.077331033,0.079587401,0.197451579,0.197567346,0.025028667,0.021605574,0.081067943,0.079089932,2.07E-05,0,0.14461036,0.148710327,0.077331033,0.079587401
17,4/23/2024 8:00,Gender_Pay_Gap,0,0,Demographic Parity,241000,103287,0,0.034198284,0.75072694,0.96864855,0.033037554,0.75119054,1.0892596,0.197481061,0.58959751,0.590598102,0.58959751,0.589451523,0.589212582,0.590197211,0.589212582,0.58903455,0.988560166,0.988562488,0.988560166,0.988559825,0.987655755,0.98765601,0.987655755,0.987655622,0.999995851,0.999995851,0.999995851,0.999995851,1,1,1,1,0.986248963,0.986254137,0.986248963,0.986248349,0.984935181,0.984938676,0.984935181,0.98493468,0.774850622,0.775007338,0.774850622,0.774876734,0.773892165,0.774104292,0.773892165,0.773916723,0.64773444,0.64892027,0.64773444,0.647604552,0.645202204,0.646457691,0.645202204,0.645019073,2.07E-05,0,0.012254942,0.01111822,0.012254942,0.01111822,0,0,0.008379434,0.008706653,0.007199153,0.008391473,0.198183361,0.195859141,0.18718526,0.184737619,0.186802833,0.184560424,2.07E-05,0,0.008379434,0.008706653,0.007199153,0.008391473
18,4/23/2024 10:01,Gender_Pay_Gap,0,0,Demographic Parity,241000,103287,0.5,0.0306243,0.76356924,0.9768255,0.029267315,0.7644683,0.9674345,0.197481061,0.594813278,0.594861528,0.594813278,0.594833593,0.593520966,0.593575208,0.593520966,0.593542742,0.987078838,0.98712636,0.987078838,0.987079963,0.986290627,0.986337814,0.986290627,0.986291656,0.999995851,0.999995851,0.999995851,0.999995851,1,1,1,1,0.990502075,0.990511269,0.990502075,0.990501528,0.988798203,0.988809904,0.988798203,0.98879754,0.774850622,0.775007338,0.774850622,0.774876734,0.773892165,0.774104292,0.773892165,0.773916723,0.615746888,0.615669886,0.615746888,0.615691636,0.613697755,0.613629258,0.613697755,0.613648543,2.07E-05,0,0.009231965,0.009841978,0.009231965,0.009841978,0,0,0.014995794,0.012237649,0.005175604,0.005769032,0.198183361,0.195859141,0.183261342,0.182343289,0.189944913,0.186705438,2.07E-05,0,0.014995794,0.012237649,0.005175604,0.005769032
19,4/23/2024 12:03,Gender_Pay_Gap,0,0,Demographic Parity,241000,103287,1,0.03342224,0.749972,0.96183467,0.03229488,0.7503224,0.99937344,0.197481061,0.600506224,0.600776408,0.600506224,0.600555803,0.601440646,0.601694028,0.601440646,0.601483153,0.985195021,0.985246036,0.985195021,0.985196342,0.984363957,0.984419261,0.984363957,0.984365196,0.999995851,0.999995851,0.999995851,0.999995851,1,1,1,1,0.992672199,0.992677021,0.992672199,0.992671901,0.990269831,0.990274431,0.990269831,0.990269478,0.774850622,0.775007338,0.774850622,0.774876734,0.773892165,0.774104292,0.773892165,0.773916723,0.645991701,0.646725289,0.645991701,0.644650784,0.644785888,0.645607138,0.644785888,0.643420984,2.07E-05,0,0.004499487,0.004992938,0.004499487,0.004992938,0,0,0.018700036,0.01821882,0.003782947,0.004097839,0.198183361,0.195859141,0.179648696,0.177187537,0.193069892,0.18961125,2.07E-05,0,0.018700036,0.01821882,0.003782947,0.004097839
20,4/23/2024 14:05,Gender_Pay_Gap,0,0,Demographic Parity,241000,103287,1.5,0.1113499,0.7682352,0.98510134,0.11039938,0.7685184,1.0023526,0.197481061,0.592966805,0.592940478,0.592966805,0.591614148,0.593220831,0.593237053,0.593220831,0.591945632,0.952908714,0.952996621,0.952908714,0.952913704,0.952162421,0.952245192,0.952162421,0.952166674,0.999995851,0.999995851,0.999995851,0.999995851,1,1,1,1,0.97553112,0.975543063,0.97553112,0.975529342,0.973588157,0.97360448,0.973588157,0.973586131,0.774850622,0.775007338,0.774850622,0.774876734,0.773892165,0.774104292,0.773892165,0.773916723,0.647315353,0.654332673,0.647315353,0.644865199,0.647322509,0.654370655,0.647322509,0.64476385,2.07E-05,0,0.028464199,0.026808675,0.028464199,0.026808675,0,0,0.066153755,0.066894176,0.014015824,0.013292121,0.198183361,0.195859141,0.129156703,0.126981148,0.174776326,0.172594176,2.07E-05,0,0.066153755,0.066894176,0.014448375,0.013516554
21,4/23/2024 16:05,Gender_Pay_Gap,0,0,Demographic Parity,241000,103287,2,0.17709674,0.7175989,0.9802469,0.17488602,0.7181453,1.1846466,0.197481061,0.607543568,0.613189755,0.607543568,0.599351489,0.606484843,0.612327988,0.606484843,0.59822654,0.921962656,0.9248651,0.921962656,0.921746279,0.920115794,0.923113044,0.920115794,0.919897061,0.999995851,0.999995851,0.999995851,0.999995851,1,1,1,1,0.945489627,0.945562685,0.945489627,0.945495016,0.944484785,0.944540136,0.944484785,0.944489068,0.774850622,0.775007338,0.774850622,0.774876734,0.773892165,0.774104292,0.773892165,0.773916723,0.611995851,0.613594588,0.611995851,0.608701732,0.609060192,0.610827136,0.609060192,0.605585575,2.07E-05,0,0.090465198,0.094187445,0.090465198,0.094187445,0,0,0.045168741,0.047483479,0.050241127,0.053801152,0.198183361,0.195859141,0.095678698,0.092034653,0.133079585,0.128768583,2.07E-05,0,0.103897213,0.103384775,0.050241127,0.053801152
22,4/23/2024 18:06,Gender_Pay_Gap,0,0,Demographic Parity,241000,103287,2.5,0.17777741,0.76164186,0.9914795,0.17711751,0.7622126,0.97308433,0.197481061,0.61379668,0.617736851,0.61379668,0.61225452,0.613465393,0.61728862,0.613465393,0.611892039,0.91826971,0.920527651,0.91826971,0.918232977,0.918295623,0.920526729,0.918295623,0.918252106,0.999995851,0.999995851,0.999995851,0.999995851,1,1,1,1,0.973290456,0.973296205,0.973290456,0.973291289,0.97233921,0.972341851,0.97233921,0.972339708,0.774850622,0.775007338,0.774850622,0.774876734,0.773892165,0.774104292,0.773892165,0.773916723,0.700883817,0.707856012,0.700883817,0.699319136,0.699826696,0.706680665,0.699826696,0.69822362,2.07E-05,0,0.027169779,0.026794863,0.027169779,0.026794863,0,0,0.145338638,0.146622446,0.015354951,0.014550519,0.198183361,0.195859141,0.072108564,0.070123567,0.174518582,0.172128134,2.07E-05,0,0.145338638,0.146622446,0.015354951,0.014550519
23,4/23/2024 20:09,Gender_Pay_Gap,0,0,Demographic Parity,241000,103287,3,0.19421737,0.75538784,0.99440897,0.19297211,0.7560045,1.0025086,0.197481061,0.618352697,0.628663401,0.618352697,0.607107983,0.617928684,0.62838524,0.617928684,0.606765413,0.926477178,0.927095357,0.926477178,0.926483678,0.926099122,0.926746448,0.926099122,0.92610168,0.999995851,0.999995851,0.999995851,0.999995851,1,1,1,1,0.96326971,0.963360641,0.96326971,0.963273664,0.961456911,0.961549583,0.961456911,0.961460462,0.774850622,0.775007338,0.774850622,0.774876734,0.773892165,0.774104292,0.773892165,0.773916723,0.692751037,0.697681563,0.692751037,0.691687146,0.691936062,0.69696881,0.691936062,0.69078274,2.07E-05,0,0.028525395,0.030771059,0.028525395,0.030771059,0,0,0.097030795,0.100871171,0.02158524,0.024181424,0.198183361,0.195859141,0.094739888,0.091310429,0.169856799,0.165897767,2.07E-05,0,0.097030795,0.100871171,0.02158524,0.024181424
24,4/23/2024 22:10,Gender_Pay_Gap,0,0,Demographic Parity,241000,103287,3.5,0.23601137,0.7534988,1.0305593,0.23510943,0.7548326,1.1048653,0.197481061,0.565883817,0.570093589,0.565883817,0.56300181,0.565259907,0.5691697,0.565259907,0.562473568,0.897680498,0.897697446,0.897680498,0.897665985,0.896598798,0.896622495,0.896598798,0.896584268,0.999995851,0.999995851,0.999995851,0.999995851,1,1,1,1,0.923858921,0.924255573,0.923858921,0.923868354,0.921722966,0.922085417,0.921722966,0.921730213,0.774850622,0.775007338,0.774850622,0.774876734,0.773892165,0.774104292,0.773892165,0.773916723,0.617647303,0.618089323,0.617647303,0.616085152,0.617676958,0.61830314,0.617676958,0.615978437,2.07E-05,0,0.12291782,0.124670888,0.12291782,0.124670888,0,0,0.107471724,0.109696081,0.070703204,0.073028863,0.198183361,0.195859141,0.053304466,0.048716231,0.108927049,0.105209683,2.07E-05,0,0.109582553,0.111994672,0.070703204,0.073028863
25,4/24/2024 0:11,Gender_Pay_Gap,0,0,Demographic Parity,241000,103287,4,0.25807163,0.731103,1.0266824,0.2576812,0.731649,1.0686011,0.197481061,0.587887967,0.591433822,0.587887967,0.586160674,0.58551415,0.588771188,0.58551415,0.583838995,0.89253112,0.894109343,0.89253112,0.892507833,0.892629276,0.894147869,0.892629276,0.892599846,0.999995851,0.999995851,0.999995851,0.999995851,1,1,1,1,0.912954357,0.913104705,0.912954357,0.912965011,0.910608305,0.910743496,0.910608305,0.910617239,0.774850622,0.775007338,0.774850622,0.774876734,0.773892165,0.774104292,0.773892165,0.773916723,0.618514523,0.618724218,0.618514523,0.618561266,0.617483323,0.617644328,0.617483323,0.617522893,2.07E-05,0,0.144281687,0.147732167,0.144281687,0.147732167,0,0,0.139888518,0.140523781,0.077196835,0.082634348,0.198183361,0.195859141,0.047131152,0.044912067,0.09434956,0.089745094,2.07E-05,0,0.139888518,0.140523781,0.077196835,0.082634348
26,4/24/2024 2:13,Gender_Pay_Gap,0,0,Demographic Parity,241000,103287,4.5,0.2626715,0.72651565,1.0183485,0.26227912,0.72706926,1.0714759,0.197481061,0.546298755,0.546024519,0.546298755,0.541226212,0.54525739,0.545069011,0.54525739,0.540267521,0.886784232,0.887693155,0.886784232,0.886785135,0.886461994,0.887349046,0.886461994,0.886456852,0.999995851,0.999995851,0.999995851,0.999995851,1,1,1,1,0.909460581,0.909896145,0.909460581,0.909471339,0.908884952,0.90930269,0.908884952,0.908892539,0.774850622,0.775007338,0.774850622,0.774876734,0.773892165,0.774104292,0.773892165,0.773916723,0.63326971,0.633289528,0.63326971,0.632633909,0.632277053,0.632352225,0.632277053,0.631614735,2.07E-05,0,0.143993226,0.149628003,0.143993226,0.149628003,0,0,0.142248121,0.146386032,0.085454821,0.089740427,0.198183361,0.195859141,0.03972848,0.03478966,0.093037324,0.088132538,2.07E-05,0,0.142248121,0.146386032,0.085454821,0.089740427
27,4/24/2024 4:14,Gender_Pay_Gap,0,0,Demographic Parity,241000,103287,5,0.28026864,0.7566561,1.0618899,0.2797376,0.75750834,1.1396801,0.197481061,0.55486722,0.571101472,0.55486722,0.515412964,0.553903202,0.570429299,0.553903202,0.514240575,0.882863071,0.882858368,0.882863071,0.882857584,0.882492472,0.882489811,0.882492472,0.882485928,0.999995851,0.999995851,0.999995851,0.999995851,1,1,1,1,0.896165975,0.896859086,0.896165975,0.896173052,0.895591894,0.89626188,0.895591894,0.895594329,0.774850622,0.775007338,0.774850622,0.774876734,0.773892165,0.774104292,0.773892165,0.773916723,0.604095436,0.603920567,0.604095436,0.603566567,0.603435089,0.603299578,0.603435089,0.602874129,2.07E-05,0,0.20020746,0.202659616,0.20020746,0.202659616,0,0,0.127754497,0.130174043,0.116892025,0.119504297,0.198183361,0.195859141,0.033959416,0.030147086,0.060751828,0.05741722,2.07E-05,0,0.127754497,0.130174043,0.116892025,0.119504297
28,4/24/2024 6:15,Gender_Pay_Gap,0,0,Demographic Parity,241000,103287,5.5,0.3007072,0.7360988,1.0584753,0.30022627,0.7370374,1.1266272,0.197481061,0.553124481,0.555443688,0.553124481,0.540276889,0.552838208,0.555514161,0.552838208,0.539656309,0.877950207,0.878288184,0.877950207,0.87786788,0.877612865,0.877978472,0.877612865,0.877532888,0.999995851,0.999995851,0.999995851,0.999995851,1,1,1,1,0.891182573,0.891910591,0.891182573,0.891188966,0.889860292,0.890604863,0.889860292,0.889860358,0.774850622,0.775007338,0.774850622,0.774876734,0.773892165,0.774104292,0.773892165,0.773916723,0.578958506,0.579600245,0.578958506,0.578939071,0.576587567,0.577161967,0.576587567,0.576564563,2.07E-05,0,0.211007785,0.215214739,0.211007785,0.215214739,0,0,0.114749256,0.119065882,0.116594562,0.120421264,0.198183361,0.195859141,0.027244058,0.022088825,0.053678254,0.049214039,2.07E-05,0,0.140411991,0.14262151,0.116594562,0.120421264
29,4/24/2024 8:15,Gender_Pay_Gap,0,0,Demographic Parity,241000,103287,6,0.36607268,0.72030014,1.0989654,0.36538884,0.72006994,1.1583898,0.197481061,0.552809129,0.552676247,0.552809129,0.55271411,0.552460619,0.552320945,0.552460619,0.552353286,0.864609959,0.865104245,0.864609959,0.864487998,0.86367113,0.86428869,0.86367113,0.863538447,0.999995851,0.999995851,0.999995851,0.999995851,1,1,1,1,0.886709544,0.886880573,0.886709544,0.886723764,0.884419143,0.884543127,0.884419143,0.884430438,0.774850622,0.775007338,0.774850622,0.774876734,0.773892165,0.774104292,0.773892165,0.773916723,0.613970954,0.614205557,0.613970954,0.612646501,0.6121874,0.61249809,0.6121874,0.610818785,2.07E-05,0,0.196629383,0.206010022,0.196629383,0.206010022,0,0,0.125809972,0.126933106,0.10034978,0.105145027,0.198183361,0.195859141,0.013186621,0.010012721,0.0588465,0.051544025,2.07E-05,0,0.147469278,0.148390199,0.10034978,0.105145027
30,4/24/2024 10:18,Gender_Pay_Gap,0,0,Demographic Parity,241000,103287,6.5,0.47063586,0.7193112,1.1943874,0.46987805,0.71967727,1.1912662,0.197481061,0.522195021,0.555716671,0.522195021,0.461315505,0.520559218,0.551880075,0.520559218,0.459108052,0.840178423,0.841574168,0.840178423,0.839857552,0.838498553,0.839942641,0.838498553,0.838183151,0.999995851,0.999995851,0.999995851,0.999995851,1,1,1,1,0.843829876,0.843842326,0.843829876,0.843834508,0.841829078,0.841828891,0.841829078,0.841828984,0.774850622,0.775007338,0.774850622,0.774876734,0.773892165,0.774104292,0.773892165,0.773916723,0.601053942,0.602519197,0.601053942,0.600725079,0.601372874,0.602816181,0.601372874,0.601006496,2.07E-05,0,0.243701369,0.248012965,0.243701369,0.248012965,0,0,0.119078728,0.122389419,0.135607892,0.141103816,0.198183361,0.195859141,0.018718426,0.014451029,0.018985397,0.014400984,2.07E-05,0,0.121955044,0.122690194,0.135607892,0.141103816
31,4/24/2024 12:18,Gender_Pay_Gap,0,0,Demographic Parity,241000,103287,7,0.47958028,0.70988005,1.1951506,0.47869515,0.7103852,1.2036045,0.197481061,0.526834025,0.528297024,0.526834025,0.494979055,0.525429144,0.526964943,0.525429144,0.493211123,0.829120332,0.831172759,0.829120332,0.828645682,0.826599669,0.82871191,0.826599669,0.826128292,0.999995851,0.999995851,0.999995851,0.999995851,1,1,1,1,0.871049793,0.8714064,0.871049793,0.870957602,0.86801824,0.868447226,0.86801824,0.867919275,0.774850622,0.775007338,0.774850622,0.774876734,0.773892165,0.774104292,0.773892165,0.773916723,0.572522822,0.57254985,0.572522822,0.572535236,0.569006748,0.568972316,0.569006748,0.568987313,2.07E-05,0,0.200589667,0.205217856,0.200589667,0.205217856,0,0,0.122452506,0.127607205,0.087275585,0.090018904,0.198183361,0.195859141,0.005432482,0.00023871,0.050718221,0.045477576,2.07E-05,0,0.137150262,0.137332222,0.113314081,0.115198952
32,4/24/2024 14:19,Gender_Pay_Gap,0,0,Demographic Parity,241000,103287,7.5,0.5610869,0.70588917,1.2696829,0.5604943,0.70603937,1.2893201,0.197481061,0.529120332,0.528810431,0.529120332,0.528827698,0.52996989,0.529704003,0.52996989,0.529719458,0.816286307,0.817291494,0.816286307,0.815968381,0.814352242,0.815431215,0.814352242,0.814033835,0.999995851,0.999995851,0.999995851,0.999995851,1,1,1,1,0.82539834,0.826303884,0.82539834,0.825126686,0.822862509,0.823933347,0.822862509,0.822569618,0.774850622,0.775007338,0.774850622,0.774876734,0.773892165,0.774104292,0.773892165,0.773916723,0.6056639,0.605592924,0.6056639,0.604787534,0.608663239,0.608740133,0.608663239,0.607637411,2.07E-05,0,0.221846149,0.224798108,0.221846149,0.224798108,0,0,0.131585885,0.135951886,0.111748082,0.115422088,0.198183361,0.195859141,0.004044012,0.000585569,0.022087212,0.018061149,2.07E-05,0,0.131585885,0.135951886,0.111748082,0.115422088
33,4/24/2024 16:19,Gender_Pay_Gap,0,0,Demographic Parity,241000,103287,8,0.6975745,0.6972402,1.3948364,0.6977829,0.697338,1.3958116,0.197481061,0.520178423,0.519387454,0.520178423,0.489475243,0.51781928,0.516763317,0.51781928,0.487130731,0.488518672,0.238650493,0.488518672,0.320655021,0.489761538,0.239866364,0.489761538,0.322019811,0.999995851,0.999995851,0.999995851,0.999995851,1,1,1,1,0.809585062,0.809620059,0.809585062,0.809522975,0.806926331,0.806974905,0.806926331,0.806865211,0.774850622,0.775007338,0.774850622,0.774876734,0.773892165,0.774104292,0.773892165,0.773916723,0.563572614,0.564002979,0.563572614,0.563607259,0.560651389,0.561000149,0.560651389,0.560686634,2.07E-05,0,0.253747678,0.257499162,0.253747678,0.257499162,0,0,0,0,0.144243734,0.147791225,0.198183361,0.195859141,0,0,0.000422441,0.003945688,2.07E-05,0,0,0,0.144243734,0.147791225
34,4/24/2024 18:20,Gender_Pay_Gap,0,0,Demographic Parity,241000,103287,8.5,0.6564926,0.713309,1.3702441,0.65623057,0.7134006,1.3719413,0.197481061,0.510995851,0.469752838,0.510995851,0.346614168,0.510170689,0.449432375,0.510170689,0.345621687,0.753821577,0.797170131,0.753821577,0.74294558,0.750278351,0.79451887,0.750278351,0.739097402,0.999995851,0.999995851,0.999995851,0.999995851,1,1,1,1,0.817045643,0.817459659,0.817045643,0.816868665,0.815020283,0.815461479,0.815020283,0.81484807,0.774850622,0.775007338,0.774850622,0.774876734,0.773892165,0.774104292,0.773892165,0.773916723,0.62193361,0.622796039,0.62193361,0.621871803,0.625432049,0.626256867,0.625432049,0.625359038,2.07E-05,0,0.19630517,0.195298729,0.19630517,0.195298729,0,0,0.058981296,0.058714394,0.108853718,0.110496899,0.198183361,0.195859141,0.011765103,0.010814268,0.030967511,0.029121135,2.07E-05,0,0.123174461,0.120164094,0.108853718,0.110496899
35,4/24/2024 20:22,Gender_Pay_Gap,0,0,Demographic Parity,241000,103287,9,0.6659552,0.6940904,1.3603852,0.6657733,0.6941569,1.3663685,0.197481061,0.494871369,0.616273971,0.494871369,0.339943601,0.495096188,0.607586475,0.495096188,0.339934701,0.742630705,0.787737613,0.742630705,0.730399377,0.740344864,0.786140878,0.740344864,0.727944122,0.999995851,0.999995851,0.999995851,0.999995851,1,1,1,1,0.830643154,0.830880244,0.830643154,0.830665395,0.82880711,0.829063919,0.82880711,0.828824758,0.774850622,0.775007338,0.774850622,0.774876734,0.773892165,0.774104292,0.773892165,0.773916723,0.581004149,0.581196325,0.581004149,0.578511647,0.580750724,0.581035139,0.580750724,0.578267333,2.07E-05,0,0.168729376,0.171416766,0.168729376,0.171416766,0,0,0.06282129,0.062757394,0.105542119,0.109570524,0.198183361,0.195859141,0.008094736,0.007562056,0.049743969,0.046131275,2.07E-05,0,0.117449715,0.114549752,0.105542119,0.109570524
36,4/24/2024 22:25,Gender_Pay_Gap,0,0,Demographic Parity,241000,103287,9.5,0.6525953,0.7025134,1.3556143,0.6524259,0.70258987,1.3687333,0.197481061,0.539157676,0.541838188,0.539157676,0.517352327,0.539709741,0.543033207,0.539709741,0.517401985,0.787946058,0.791825511,0.787946058,0.787594721,0.787262676,0.791026741,0.787262676,0.786889064,0.999995851,0.999995851,0.999995851,0.999995851,1,1,1,1,0.804369295,0.804355095,0.804369295,0.804341331,0.800517006,0.800515173,0.800517006,0.800481571,0.774850622,0.775007338,0.774850622,0.774876734,0.773892165,0.774104292,0.773892165,0.773916723,0.59333195,0.593137276,0.59333195,0.59258891,0.593879191,0.593734789,0.593879191,0.593126876,2.07E-05,0,0.218067516,0.218131808,0.218067516,0.218131808,0,0,0.182623012,0.190361595,0.126134179,0.129577201,0.198183361,0.195859141,0.022181038,0.027501712,0.015541412,0.012481801,2.07E-05,0,0.182623012,0.190361595,0.126134179,0.129577201
37,4/25/2024 0:25,Gender_Pay_Gap,0,0,Demographic Parity,241000,103287,10,0.6921715,0.6942665,1.3864511,0.69210166,0.6943288,1.3864646,0.197481061,0.511165975,0.261290654,0.511165975,0.34581331,0.510422415,0.260531042,0.510422415,0.344977722,0.511481328,0.261613149,0.511481328,0.346167887,0.510238462,0.260343288,0.510238462,0.3447711,0.999995851,0.999995851,0.999995851,0.999995851,1,1,1,1,0.790609959,0.790619689,0.790609959,0.790548088,0.788134034,0.788153106,0.788134034,0.788075277,0.774850622,0.775007338,0.774850622,0.774876734,0.773892165,0.774104292,0.773892165,0.773916723,0.533829876,0.536665333,0.533829876,0.505994264,0.532816327,0.535829559,0.532816327,0.504860955,2.07E-05,0,0.251643794,0.255252074,0.251643794,0.255252074,0,0,0,0,0.143925586,0.148023475,0.198183361,0.195859141,0,0,0.006096095,0.010239528,2.07E-05,0,0,0,0.143925586,0.148023475
38,4/25/2024 2:25,Gender_Pay_Gap,1,0,Demographic Parity,235646,100992,0,0.024362553,0.7688077,0.9863093,0.022154085,0.7674407,1.0484276,0.195969114,0.597362145,0.597266565,0.597362145,0.597273946,0.599879198,0.599782505,0.599879198,0.599745139,0.99164849,0.991677128,0.99164849,0.991648407,0.990533904,0.990566342,0.990533904,0.990533636,0.999333746,0.999334634,0.999333746,0.999333747,0.999316778,0.999317707,0.999316778,0.999316776,0.994568123,0.994570189,0.994568123,0.994568124,0.992286518,0.992288764,0.992286518,0.992286485,0.775701688,0.775879394,0.775701688,0.775720638,0.778081432,0.778172965,0.778081432,0.778095166,0.651625744,0.651565047,0.651625744,0.651467735,0.651487247,0.651501097,0.651487247,0.651242663,0.00081599,0.000396562,0.003620113,0.004971891,0.003620113,0.004971891,0,0,0.002650955,0.002306193,0.002049121,0.002119884,0.194873052,0.198771549,0.190418863,0.194641269,0.19240643,0.19614408,0.00081599,0.000396562,0.002650955,0.002306193,0.002049121,0.002852008
39,4/25/2024 4:25,Gender_Pay_Gap,1,0,Demographic Parity,235646,100992,0.5,0.04551237,0.7500319,0.9704739,0.044164572,0.7489057,0.9981488,0.195969114,0.587856361,0.589112091,0.587856361,0.587451276,0.589630862,0.590742291,0.589630862,0.589233945,0.981527376,0.981590624,0.981527376,0.981526637,0.980681638,0.98074724,0.980681638,0.980681306,0.999333746,0.999334634,0.999333746,0.999333747,0.999316778,0.999317707,0.999316778,0.999316776,0.987353912,0.987359752,0.987353912,0.987353901,0.985889971,0.985893439,0.985889971,0.985889891,0.775701688,0.775879394,0.775701688,0.775720638,0.778081432,0.778172965,0.778081432,0.778095166,0.662582857,0.665336651,0.662582857,0.661873005,0.664547687,0.666795809,0.664547687,0.663960208,0.00081599,0.000396562,0.003437956,0.004389687,0.003437956,0.004389687,0,0,0.025505527,0.024467095,0.002999906,0.003725293,0.194873052,0.198771549,0.16994395,0.174377895,0.188593889,0.191777267,0.00081599,0.000396562,0.025505527,0.024467095,0.002999906,0.003725293
40,4/25/2024 6:23,Gender_Pay_Gap,1,0,Demographic Parity,235646,100992,1,0.04420153,0.74917305,0.96650374,0.043151326,0.74802506,1.0437505,0.195969114,0.588246777,0.589447685,0.588246777,0.587875693,0.590254674,0.59130976,0.590254674,0.589894844,0.981569812,0.981595217,0.981569812,0.981569652,0.980840067,0.980854864,0.980840067,0.980839763,0.999333746,0.999334634,0.999333746,0.999333747,0.999316778,0.999317707,0.999316778,0.999316776,0.987617019,0.987618874,0.987617019,0.987617022,0.98588007,0.985881347,0.98588007,0.985880026,0.775701688,0.775879394,0.775701688,0.775720638,0.778081432,0.778172965,0.778081432,0.778095166,0.678118873,0.678135032,0.678118873,0.677909796,0.679311233,0.679441025,0.679311233,0.679034393,0.00081599,0.000396562,0.012178193,0.013044037,0.012178193,0.013044037,0,0,0.018567389,0.019910842,0.007907606,0.008991377,0.194873052,0.198771549,0.1705334,0.174219965,0.184070948,0.186980625,0.00081599,0.000396562,0.018567389,0.019910842,0.007907606,0.008991377
41,4/25/2024 8:23,Gender_Pay_Gap,1,0,Demographic Parity,235646,100992,1.5,0.07926397,0.72922915,0.95953286,0.07766927,0.7285612,1.0356836,0.195969114,0.572362781,0.573270258,0.572362781,0.568275555,0.574619772,0.57585466,0.574619772,0.570514207,0.964854061,0.965392793,0.964854061,0.964843128,0.963739702,0.964304676,0.963739702,0.963730536,0.999333746,0.999334634,0.999333746,0.999333747,0.999316778,0.999317707,0.999316778,0.999316776,0.975522606,0.975523952,0.975522606,0.975522562,0.973889021,0.973890988,0.973889021,0.973889069,0.775701688,0.775879394,0.775701688,0.775720638,0.778081432,0.778172965,0.778081432,0.778095166,0.625726726,0.625817239,0.625726726,0.625095988,0.628198273,0.628411043,0.628198273,0.627530717,0.00081599,0.000396562,0.035347972,0.032094573,0.035347972,0.032094573,0,0,0.050151426,0.048369358,0.02311682,0.021063749,0.194873052,0.198771549,0.147359573,0.152068887,0.168244478,0.17307374,0.00081599,0.000396562,0.050151426,0.048369358,0.02311682,0.021063749
42,4/25/2024 10:21,Gender_Pay_Gap,1,0,Demographic Parity,235646,100992,2,0.15121624,0.75963956,0.98680925,0.15074344,0.7589736,1.0916204,0.195969114,0.563900936,0.566648702,0.563900936,0.554590597,0.565361613,0.568630498,0.565361613,0.556030083,0.935564363,0.936817127,0.935564363,0.935515864,0.935678074,0.93689241,0.935678074,0.935638515,0.999333746,0.999334634,0.999333746,0.999333747,0.999316778,0.999317707,0.999316778,0.999316776,0.971028577,0.971028638,0.971028577,0.971028569,0.969433222,0.969433831,0.969433222,0.96943326,0.775701688,0.775879394,0.775701688,0.775720638,0.778081432,0.778172965,0.778081432,0.778095166,0.647568811,0.656065687,0.647568811,0.644188183,0.648120643,0.656142463,0.648120643,0.644807795,0.00081599,0.000396562,0.042921881,0.043266541,0.042921881,0.043266541,0,0,0.108588386,0.105798807,0.024284649,0.02432207,0.194873052,0.198771549,0.099070932,0.103466173,0.16282901,0.165927989,0.00081599,0.000396562,0.108588386,0.105798807,0.024284649,0.02432207
43,4/25/2024 12:20,Gender_Pay_Gap,1,0,Demographic Parity,235646,100992,2.5,0.20230095,0.7607058,1.029928,0.20288701,0.75922525,1.1197062,0.195969114,0.513770656,0.625850726,0.513770656,0.389502399,0.516565669,0.634151572,0.516565669,0.393146924,0.911995111,0.912305874,0.911995111,0.911976884,0.912082145,0.912432691,0.912082145,0.912067461,0.999333746,0.999334634,0.999333746,0.999333747,0.999316778,0.999317707,0.999316778,0.999316776,0.922370844,0.922748996,0.922370844,0.922351926,0.920746198,0.921136555,0.920746198,0.920731559,0.775701688,0.775879394,0.775701688,0.775720638,0.778081432,0.778172965,0.778081432,0.778095166,0.595647709,0.597767957,0.595647709,0.591252174,0.595106543,0.597600116,0.595106543,0.590517709,0.00081599,0.000396562,0.150445728,0.154413419,0.150445728,0.154413419,0,0,0.107895408,0.105579725,0.089433816,0.090949567,0.194873052,0.198771549,0.069385331,0.074105928,0.092243258,0.093242598,0.00081599,0.000396562,0.107895408,0.105579725,0.089433816,0.090949567
44,4/25/2024 14:20,Gender_Pay_Gap,1,0,Demographic Parity,235646,100992,3,0.21737182,0.73179936,1.0036814,0.21850006,0.7305105,0.98789716,0.195969114,0.567537747,0.571990366,0.567537747,0.563970163,0.568955957,0.573025703,0.568955957,0.565546556,0.901369003,0.902273623,0.901369003,0.901316719,0.901903121,0.902754541,0.901903121,0.901843983,0.999333746,0.999334634,0.999333746,0.999333747,0.999316778,0.999317707,0.999316778,0.999316776,0.931244324,0.931954303,0.931244324,0.931214217,0.930697481,0.931504876,0.930697481,0.930669639,0.775701688,0.775879394,0.775701688,0.775720638,0.778081432,0.778172965,0.778081432,0.778095166,0.617735926,0.622716947,0.617735926,0.615399429,0.61824699,0.622841728,0.61824699,0.615982996,0.00081599,0.000396562,0.113958613,0.112597826,0.113958613,0.112597826,0,0,0.089014531,0.086479312,0.07917049,0.0787025,0.194873052,0.198771549,0.058889623,0.062399677,0.113315953,0.117318505,0.00081599,0.000396562,0.113339008,0.116259467,0.07917049,0.0787025
45,4/25/2024 16:22,Gender_Pay_Gap,1,0,Demographic Parity,235646,100992,3.5,0.22719064,0.74320656,1.022239,0.22778478,0.7410277,1.0385485,0.195969114,0.55644908,0.567553203,0.55644908,0.543828498,0.559400745,0.570352519,0.559400745,0.546859748,0.902493571,0.902679765,0.902493571,0.902480852,0.902675459,0.90290918,0.902675459,0.902665036,0.999333746,0.999334634,0.999333746,0.999333747,0.999316778,0.999317707,0.999316778,0.999316776,0.910064249,0.910579375,0.910064249,0.910033863,0.909270041,0.909818147,0.909270041,0.909244903,0.775701688,0.775879394,0.775701688,0.775720638,0.778081432,0.778172965,0.778081432,0.778095166,0.587610229,0.588779223,0.587610229,0.587255333,0.589145675,0.590022139,0.589145675,0.58888749,0.00081599,0.000396562,0.185497099,0.186678321,0.185497099,0.186678321,0,0,0.118396345,0.11757834,0.109646213,0.109325862,0.194873052,0.198771549,0.056023011,0.059682379,0.07061021,0.073194862,0.00081599,0.000396562,0.118396345,0.11757834,0.109646213,0.109325862
46,4/25/2024 18:21,Gender_Pay_Gap,1,0,Demographic Parity,235646,100992,4,0.24182254,0.72652787,1.0124743,0.24218898,0.7254509,1.027934,0.195969114,0.557607598,0.557545705,0.557607598,0.555079463,0.557905577,0.558047132,0.557905577,0.555233105,0.894405167,0.898900372,0.894405167,0.894099086,0.89464512,0.899199124,0.89464512,0.894361857,0.999333746,0.999334634,0.999333746,0.999333747,0.999316778,0.999317707,0.999316778,0.999316776,0.900499054,0.903141015,0.900499054,0.900330234,0.899813847,0.902486645,0.899813847,0.899660261,0.775701688,0.775879394,0.775701688,0.775720638,0.778081432,0.778172965,0.778081432,0.778095166,0.568530762,0.574277254,0.568530762,0.563648963,0.5731048,0.578545524,0.5731048,0.568473412,0.00081599,0.000396562,0.204056246,0.204762259,0.204056246,0.204762259,0,0,0.157799784,0.156057234,0.143393388,0.143840073,0.194873052,0.198771549,0.050041185,0.054731907,0.058152497,0.06086218,0.00081599,0.000396562,0.157799784,0.156057234,0.143393388,0.143840073
47,4/25/2024 20:19,Gender_Pay_Gap,1,0,Demographic Parity,235646,100992,4.5,0.28771052,0.73353815,1.0519016,0.28910846,0.7325672,1.0234399,0.195969114,0.55652971,0.556255244,0.55652971,0.555201801,0.556756971,0.556604613,0.556756971,0.555324063,0.880324724,0.882511536,0.880324724,0.880159807,0.880941065,0.882973217,0.880941065,0.880768551,0.999333746,0.999334634,0.999333746,0.999333747,0.999316778,0.999317707,0.999316778,0.999316776,0.89439668,0.89628371,0.89439668,0.89426576,0.893823273,0.895708728,0.893823273,0.893708423,0.775701688,0.775879394,0.775701688,0.775720638,0.778081432,0.778172965,0.778081432,0.778095166,0.580404505,0.586887138,0.580404505,0.575542094,0.580659854,0.586593978,0.580659854,0.575992577,0.00081599,0.000396562,0.221804112,0.222209208,0.221804112,0.222209208,0,0,0.101298182,0.099767086,0.145540501,0.143748418,0.194873052,0.198771549,0.033690719,0.036789883,0.047184381,0.050063802,0.00081599,0.000396562,0.1363209,0.138874517,0.145540501,0.143748418
48,4/25/2024 22:18,Gender_Pay_Gap,1,0,Demographic Parity,235646,100992,5,0.27968127,0.728133,1.0388391,0.28091747,0.7269678,1.0403607,0.195969114,0.564074926,0.565712849,0.564074926,0.563225462,0.565688371,0.567157416,0.565688371,0.564855664,0.884704175,0.884761112,0.884704175,0.884698909,0.885476077,0.885545794,0.885476077,0.885473344,0.999333746,0.999334634,0.999333746,0.999333747,0.999316778,0.999317707,0.999316778,0.999316776,0.906049753,0.906124859,0.906049753,0.906044529,0.905447956,0.905538753,0.905447956,0.905444867,0.775701688,0.775879394,0.775701688,0.775720638,0.778081432,0.778172965,0.778081432,0.778095166,0.617595885,0.618086613,0.617595885,0.617578207,0.61852424,0.618880754,0.61852424,0.618515439,0.00081599,0.000396562,0.1578408,0.164817379,0.1578408,0.164817379,0,0,0.135628683,0.133054058,0.083030576,0.085840004,0.194873052,0.198771549,0.032741602,0.036670882,0.082247975,0.082117905,0.00081599,0.000396562,0.135628683,0.133054058,0.083030576,0.085840004
49,4/26/2024 0:16,Gender_Pay_Gap,1,0,Demographic Parity,235646,100992,5.5,0.32079992,0.7213808,1.0646396,0.3223279,0.72060144,1.0736613,0.195969114,0.558447841,0.558435566,0.558447841,0.558441378,0.560074065,0.560071415,0.560074065,0.56007272,0.868531611,0.868552987,0.868531611,0.868530405,0.869692649,0.869699486,0.869692649,0.86969099,0.999333746,0.999334634,0.999333746,0.999333747,0.999316778,0.999317707,0.999316778,0.999316776,0.874765538,0.875610188,0.874765538,0.874690843,0.875653517,0.876581981,0.875653517,0.875586982,0.775701688,0.775879394,0.775701688,0.775720638,0.778081432,0.778172965,0.778081432,0.778095166,0.60754267,0.607627874,0.60754267,0.606675041,0.611711819,0.611904831,0.611711819,0.610878643,0.00081599,0.000396562,0.240972987,0.23903627,0.240972987,0.23903627,0,0,0.139149379,0.139257305,0.146418564,0.143612205,0.194873052,0.198771549,0.020924986,0.023389439,0.0302492,0.034716298,0.00081599,0.000396562,0.139149379,0.139257305,0.146418564,0.143612205
50,4/26/2024 2:14,Gender_Pay_Gap,1,0,Demographic Parity,235646,100992,6,0.32071853,0.75105506,1.0918256,0.32226223,0.7503298,1.1808932,0.195969114,0.550300026,0.550534658,0.550300026,0.54548045,0.551350602,0.551920201,0.551350602,0.546330404,0.870420037,0.870893551,0.870420037,0.870381969,0.872237405,0.87265398,0.872237405,0.872194451,0.999333746,0.999334634,0.999333746,0.999333747,0.999316778,0.999317707,0.999316778,0.999316776,0.887144276,0.887751664,0.887144276,0.887096923,0.886535567,0.887169802,0.886535567,0.886496509,0.775701688,0.775879394,0.775701688,0.775720638,0.778081432,0.778172965,0.778081432,0.778095166,0.570601665,0.57272634,0.570601665,0.569406599,0.56997584,0.571895274,0.56997584,0.568781688,0.00081599,0.000396562,0.216080544,0.215728279,0.216080544,0.215728279,0,0,0.127750162,0.125263078,0.125407447,0.122134227,0.194873052,0.198771549,0.018497366,0.024922765,0.046974434,0.050198666,0.00081599,0.000396562,0.133669055,0.131046883,0.125407447,0.122134227
51,4/26/2024 4:12,Gender_Pay_Gap,1,0,Demographic Parity,235646,100992,6.5,0.5617337,0.6956849,1.2610049,0.56254447,0.695533,1.2876552,0.195969114,0.509340282,0.507101057,0.509340282,0.493839224,0.511486058,0.509968003,0.511486058,0.496535473,0.79260416,0.793320925,0.79260416,0.792485789,0.794439163,0.794903371,0.794439163,0.79434216,0.999333746,0.999334634,0.999333746,0.999333747,0.999316778,0.999317707,0.999316778,0.999316776,0.796351307,0.796676685,0.796351307,0.79630092,0.797479008,0.797644057,0.797479008,0.797441433,0.775701688,0.775879394,0.775701688,0.775720638,0.778081432,0.778172965,0.778081432,0.778095166,0.543603541,0.543196405,0.543603541,0.541909192,0.541389417,0.541074865,0.541389417,0.53959055,0.00081599,0.000396562,0.241338993,0.238512938,0.241338993,0.238512938,0,0,0.146015399,0.146154215,0.144133306,0.144397745,0.194873052,0.198771549,0.006177004,0.001273724,0.000468793,0.003838682,0.00081599,0.000396562,0.146015399,0.146154215,0.144133306,0.144397745
52,4/26/2024 6:13,Gender_Pay_Gap,1,0,Demographic Parity,235646,100992,7,0.47330716,0.7043267,1.1858337,0.47483176,0.70406115,1.1935251,0.195969114,0.529489149,0.530027,0.529489149,0.529390977,0.530041984,0.530509158,0.530041984,0.529926124,0.828895886,0.830467202,0.828895886,0.828701282,0.831244059,0.832528899,0.831244059,0.831061924,0.999333746,0.999334634,0.999333746,0.999333747,0.999316778,0.999317707,0.999316778,0.999316776,0.835626321,0.835707168,0.835626321,0.835614446,0.8376109,0.837780057,0.8376109,0.837596799,0.775701688,0.775879394,0.775701688,0.775720638,0.778081432,0.778172965,0.778081432,0.778095166,0.61045806,0.611274924,0.61045806,0.608517167,0.611701917,0.612673612,0.611701917,0.60980049,0.00081599,0.000396562,0.234682539,0.231230566,0.234682539,0.231230566,0,0,0.13557893,0.132054269,0.135450083,0.134259209,0.194873052,0.198771549,0.002155605,0.00841263,0.017973125,0.023300722,0.00081599,0.000396562,0.13557893,0.132054269,0.135450083,0.134259209
53,4/26/2024 7:51,Gender_Pay_Gap,1,0,Demographic Parity,235646,100992,7.5,0.5380785,0.7069544,1.2510736,0.5388995,0.7064272,1.3220309,0.195969114,0.543344678,0.543467459,0.543344678,0.54338074,0.543755941,0.543831979,0.543755941,0.543780899,0.826587339,0.826721497,0.826587339,0.826566774,0.828857731,0.829072099,0.828857731,0.828837478,0.999333746,0.999334634,0.999333746,0.999333747,0.999316778,0.999317707,0.999316778,0.999316776,0.83115351,0.831421311,0.83115351,0.831115674,0.833026378,0.833378253,0.833026378,0.832991768,0.775701688,0.775879394,0.775701688,0.775720638,0.778081432,0.778172965,0.778081432,0.778095166,0.606477513,0.608060596,0.606477513,0.603395532,0.608305608,0.610157139,0.608305608,0.605233557,0.00081599,0.000396562,0.227449767,0.223807466,0.227449767,0.223807466,0,0,0.159396633,0.1564706,0.137609333,0.136157261,0.194873052,0.198771549,0.000248486,0.006790314,0.019755999,0.025067157,0.00081599,0.000396562,0.159396633,0.1564706,0.137609333,0.136157261
54,4/26/2024 9:40,Gender_Pay_Gap,1,0,Demographic Parity,235646,100992,8,0.5900338,0.7072896,1.3004291,0.5906141,0.7067025,1.3143336,0.195969114,0.534704599,0.53420634,0.534704599,0.533336131,0.535220612,0.534823878,0.535220612,0.533794188,0.815753291,0.816122204,0.815753291,0.815694503,0.817767744,0.818260333,0.817767744,0.817710081,0.999333746,0.999334634,0.999333746,0.999333747,0.999316778,0.999317707,0.999316778,0.999316776,0.827512455,0.827584533,0.827512455,0.827500948,0.828639892,0.828740345,0.828639892,0.828631961,0.775701688,0.775879394,0.775701688,0.775720638,0.778081432,0.778172965,0.778081432,0.778095166,0.595342166,0.596281482,0.595342166,0.592671696,0.596255149,0.597419969,0.596255149,0.593565263,0.00081599,0.000396562,0.211383393,0.210431876,0.211383393,0.210431876,0,0,0.165231644,0.162788902,0.122441456,0.123898358,0.194873052,0.198771549,0.007382646,0.002140497,0.026009635,0.029718427,0.00081599,0.000396562,0.165231644,0.162788902,0.122441456,0.123898358
55,4/26/2024 11:38,Gender_Pay_Gap,1,0,Demographic Parity,235646,100992,8.5,0.6281361,0.70588684,1.3364656,0.62859595,0.7058951,1.3518548,0.195969114,0.506509765,0.499823339,0.506509765,0.431094174,0.505297449,0.498942425,0.505297449,0.428870832,0.805564279,0.805714677,0.805564279,0.805543775,0.807717443,0.807791027,0.807717443,0.807700057,0.999333746,0.999334634,0.999333746,0.999333747,0.999316778,0.999317707,0.999316778,0.999316776,0.812018876,0.813296299,0.812018876,0.811836541,0.813173321,0.814260032,0.813173321,0.812991058,0.775701688,0.775879394,0.775701688,0.775720638,0.778081432,0.778172965,0.778081432,0.778095166,0.599369393,0.599344204,0.599369393,0.59860807,0.601889259,0.602015198,0.601889259,0.601024554,0.00081599,0.000396562,0.230142896,0.225815573,0.230142896,0.225815573,0,0,0.148682468,0.146618462,0.121746117,0.118351899,0.194873052,0.198771549,0.003299132,0.002266211,0.010884902,0.016090821,0.00081599,0.000396562,0.148682468,0.146618462,0.121746117,0.118351899
