,Data,k%,epochs,Dataset_name,Balance_Class,Balance_Sensitive,Fairness_cost_function,Dataset_training_size,Dataset_testing_size,Fairness_cost_multiplier,Test_loss_predictor,Test_loss_Discriminator_fool,Test_total_loss_gen,Train_loss_predictor,Train_loss_Discriminator_fool,Train_total_loss_gen,Dataset_fairness_Demographic_Parity,Report_DNN_Discriminator_Training_Accuracy,Report_DNN_Discriminator_Training_precision,Report_DNN_Discriminator_Training_recall,Report_DNN_Discriminator_Training_f1,Report_DNN_Discriminator_Testing_Accuracy,Report_DNN_Discriminator_Testing_precision,Report_DNN_Discriminator_Testing_recall,Report_DNN_Discriminator_Testing_f1,Report_Predictor_Training_Accuracy,Report_Predictor_Training_precision,Report_Predictor_Training_recall,Report_Predictor_Training_f1,Report_Predictor_Testing_Accuracy,Report_Predictor_Testing_precision,Report_Predictor_Testing_recall,Report_Predictor_Testing_f1,Report_Before_CatBoost_Prediction_Training_Accuracy,Report_Before_CatBoost_Prediction_Training_precision,Report_Before_CatBoost_Prediction_Training_recall,Report_Before_CatBoost_Prediction_Training_f1,Report_Before_CatBoost_Prediction_Testing_Accuracy,Report_Before_CatBoost_Prediction_Testing_precision,Report_Before_CatBoost_Prediction_Testing_recall,Report_Before_CatBoost_Prediction_Testing_f1,Report_After_CatBoost_Prediction_Training_Accuracy,Report_After_CatBoost_Prediction_Training_precision,Report_After_CatBoost_Prediction_Training_recall,Report_After_CatBoost_Prediction_Training_f1,Report_After_CatBoost_Prediction_Testing_Accuracy,Report_After_CatBoost_Prediction_Testing_precision,Report_After_CatBoost_Prediction_Testing_recall,Report_After_CatBoost_Prediction_Testing_f1,Report_Before_CatBoost_Sensitive_Training_Accuracy,Report_Before_CatBoost_Sensitive_Training_precision,Report_Before_CatBoost_Sensitive_Training_recall,Report_Before_CatBoost_Sensitive_Training_f1,Report_Before_CatBoost_Sensitive_Testing_Accuracy,Report_Before_CatBoost_Sensitive_Testing_precision,Report_Before_CatBoost_Sensitive_Testing_recall,Report_Before_CatBoost_Sensitive_Testing_f1,Report_After_CatBoost_Sensitive_Training_Accuracy,Report_After_CatBoost_Sensitive_Training_precision,Report_After_CatBoost_Sensitive_Training_recall,Report_After_CatBoost_Sensitive_Training_f1,Report_After_CatBoost_Sensitive_Testing_Accuracy,Report_After_CatBoost_Sensitive_Testing_precision,Report_After_CatBoost_Sensitive_Testing_recall,Report_After_CatBoost_Sensitive_Testing_f1,Fairness_Equal_Odd_Before_CatBoost_prediction_Training,Fairness_Equal_Odd_Before_CatBoost_prediction_Testing,Fairness_Equal_Odd_DNN_prediction_Training,Fairness_Equal_Odd_DNN_prediction_Testing,Fairness_Equal_Odd_After_CatBoost_prediction_Training,Fairness_Equal_Odd_After_CatBoost_prediction_Testing,Fairness_Equal_Opportunity_Before_CatBoost_prediction_Training,Fairness_Equal_Opportunity_Before_CatBoost_prediction_Testing,Fairness_Equal_Opportunity_DNN_prediction_Training,Fairness_Equal_Opportunity_DNN_prediction_Testing,Fairness_Equal_Opportunity_After_CatBoost_prediction_Training,Fairness_Equal_Opportunity_After_CatBoost_prediction_Testing,Fairness_Demographic_Parity_Before_CatBoost_prediction_Training,Fairness_Demographic_Parity_Before_CatBoost_prediction_Testing,Fairness_Demographic_Parity_DNN_prediction_Training,Fairness_Demographic_Parity_DNN_prediction_Testing,Fairness_Demographic_Parity_After_CatBoost_prediction_Training,Fairness_Demographic_Parity_After_CatBoost_prediction_Testing,Fairness_Treatment_Equality_Before_CatBoost_prediction_Training,Fairness_Treatment_Equality_Before_CatBoost_prediction_Testing,Fairness_Treatment_Equality_DNN_prediction_Training,Fairness_Treatment_Equality_DNN_prediction_Testing,Fairness_Treatment_Equality_After_CatBoost_prediction_Training,Fairness_Treatment_Equality_After_CatBoost_prediction_Testing
0,2024-04-29 10:43,0.01,400,Gender_Pay_Gap,0,0,Demographic Parity,2410,1033,0,0.40583062,0.7116523,1.1831956,0.38875294,0.7157628,1.1759349,0.1974810607295524,0.5618257261410788,0.5610877856116118,0.5618257261410788,0.5611952704629973,0.5333978702807357,0.5362439580989046,0.5333978702807357,0.5334660844092323,0.8323651452282158,0.8349712250571363,0.8323651452282158,0.832170698705019,0.818973862536302,0.8207138109805795,0.818973862536302,0.8190074533468971,1.0,1.0,1.0,1.0,0.9990319457889641,0.9990337484969922,0.9990319457889641,0.9990319094468074,0.8887966804979253,0.8890790499241932,0.8887966804979253,0.8888001268438178,0.8305905130687319,0.8308767514902844,0.8305905130687319,0.8306394466496256,0.7863070539419087,0.7864993206564646,0.7863070539419087,0.7863640527874851,0.7386253630203291,0.7409418217577762,0.7386253630203291,0.7387836382504462,0.6211618257261411,0.62123447584279,0.6211618257261411,0.6211954785010658,0.5701839303000968,0.5723784421266566,0.5701839303000968,0.5704256571198414,0.0,0.005649717514124294,0.08560596632501263,0.08297362947786674,0.08560596632501263,0.08297362947786674,0.0,0.0,0.06219826153577479,0.045787545787545736,0.04047027541644832,0.037316849816849795,0.1831007881394705,0.22831709370864917,0.0704853810168869,0.10830551545771683,0.10106417115620697,0.11057981474798512,0.0,0.005649717514124294,0.06219826153577479,0.045787545787545736,0.04513569090856431,0.045656779661016944
1,2024-04-29 10:50,0.01,400,Gender_Pay_Gap,0,0,Demographic Parity,2410,1033,5,0.50477546,0.7023751,1.2168133,0.49765378,0.7046822,1.2231636,0.1974810607295524,0.5506224066390042,0.5484958572985839,0.5506224066390042,0.5441638243701535,0.5237173281703775,0.5376326594038315,0.5237173281703775,0.5120698214083665,0.8008298755186722,0.8012631627239156,0.8008298755186722,0.800672746802844,0.7879961277831559,0.7879439432696063,0.7879961277831559,0.787910114482069,1.0,1.0,1.0,1.0,0.9990319457889641,0.9990337484969922,0.9990319457889641,0.9990319094468074,0.8593360995850622,0.8597806458638586,0.8593360995850622,0.859333266007498,0.8054211035818006,0.8058920806522939,0.8054211035818006,0.8054867834213436,0.7863070539419087,0.7864993206564646,0.7863070539419087,0.7863640527874851,0.7386253630203291,0.7409418217577762,0.7386253630203291,0.7387836382504462,0.6033195020746888,0.6080232934388602,0.6033195020746888,0.5909941405219794,0.526621490803485,0.5453984043796107,0.526621490803485,0.5091808051703617,0.0,0.005649717514124294,0.1710561290038277,0.21033673247656293,0.1710561290038277,0.21033673247656293,0.0,0.0,0.12725265191845103,0.1217948717948718,0.0973196329282926,0.13907967032967028,0.1831007881394705,0.22831709370864917,0.006766226695162358,3.3832551425416746e-05,0.04901218610884339,0.03638502947191152,0.0,0.005649717514124294,0.12725265191845103,0.15443149717514124,0.0973196329282926,0.13907967032967028
2,2024-04-29 10:58,0.01,400,Gender_Pay_Gap,0,0,Demographic Parity,2410,1033,10,0.6907082,0.69285554,1.3835745,0.6912873,0.69637007,1.3880134,0.1974810607295524,0.5224066390041494,0.27290869647561167,0.5224066390041494,0.3585227356261783,0.47337850919651503,0.22408721296911505,0.47337850919651503,0.30418145991734014,0.5074688796680498,0.2575246638315456,0.5074688796680498,0.34166498201707945,0.5188770571151985,0.2692334004005289,0.5188770571151985,0.3545163831915187,1.0,1.0,1.0,1.0,0.9990319457889641,0.9990337484969922,0.9990319457889641,0.9990319094468074,0.854356846473029,0.8548859450054519,0.854356846473029,0.854349298572845,0.7676669893514037,0.7680153372981274,0.7676669893514037,0.7677375807984292,0.7863070539419087,0.7864993206564646,0.7863070539419087,0.7863640527874851,0.7386253630203291,0.7409418217577762,0.7386253630203291,0.7387836382504462,0.637759336099585,0.6380950705936677,0.637759336099585,0.6349690643769816,0.5721200387221684,0.5838942173917041,0.5721200387221684,0.5674973853770672,0.0,0.005649717514124294,0.12223548561179888,0.15497920158937106,0.12223548561179888,0.15497920158937106,0.0,0.0,0.0,0.0,0.06321790516750891,0.09706959706959706,0.1831007881394705,0.22831709370864917,0.0,0.0,0.0707814249997758,0.04640322386623358,0.0,0.005649717514124294,0.0,0.0,0.06321790516750891,0.09706959706959706
3,2024-04-29 11:05,0.01,400,Gender_Pay_Gap,1,0,Demographic Parity,2356,1011,0,0.4551733,0.7001104,1.1815491,0.43182132,0.6963892,1.1347492,0.20040252598121971,0.49575551782682514,0.49796788688652344,0.49575551782682514,0.4718551703943359,0.5182987141444114,0.5259500979266486,0.5182987141444114,0.4914682657824867,0.7962648556876061,0.7973199438447155,0.7962648556876061,0.796003675638595,0.7823936696340257,0.785623293201877,0.7823936696340257,0.7820847150094069,1.0,1.0,1.0,1.0,1.0,1.0,1.0,1.0,0.8522920203735145,0.8530402774750044,0.8522920203735145,0.8522505012280448,0.80811078140455,0.8081616218341727,0.80811078140455,0.8081235510837776,0.7915959252971138,0.791620927444357,0.7915959252971138,0.7915671926568397,0.7556874381800198,0.7557665874191055,0.7556874381800198,0.7556907845443455,0.5789473684210527,0.5788769945662254,0.5789473684210527,0.5786512082178229,0.5479723046488625,0.5478886489374902,0.5479723046488625,0.5477368498147316,0.0,0.0,0.09776407150520519,0.08529059978466058,0.09776407150520519,0.08529059978466058,0.0,0.0,0.09850927897779127,0.12906533616982196,0.06475813811986608,0.06937663569996477,0.19601178532715235,0.147575437360573,0.054328397795152084,0.012163907479159353,0.09125844691990126,0.048585182576024455,0.0,0.0,0.09850927897779127,0.12906533616982196,0.06475813811986608,0.06937663569996477
4,2024-04-29 11:12,0.01,400,Gender_Pay_Gap,1,0,Demographic Parity,2356,1011,5,0.47621232,0.7034047,1.1860644,0.46103522,0.70301133,1.1647358,0.20040252598121971,0.5229202037351444,0.5247088740258045,0.5229202037351444,0.5196155150739548,0.5301681503461919,0.5322853143120643,0.5301681503461919,0.5258612915695217,0.7992359932088285,0.8001011548334009,0.7992359932088285,0.7990200098551543,0.781404549950544,0.7852597565606958,0.781404549950544,0.7810041704158954,1.0,1.0,1.0,1.0,1.0,1.0,1.0,1.0,0.8463497453310697,0.8466443923603661,0.8463497453310697,0.8463408872323772,0.8031651829871415,0.8035534795307273,0.8031651829871415,0.8031825153357535,0.7915959252971138,0.791620927444357,0.7915959252971138,0.7915671926568397,0.7556874381800198,0.7557665874191055,0.7556874381800198,0.7556907845443455,0.5963497453310697,0.598507371808064,0.5963497453310697,0.5928419603175397,0.5816023738872403,0.582489444984311,0.5816023738872403,0.5796228308003198,0.0,0.0,0.14273985452610086,0.16768801800152372,0.14273985452610086,0.16768801800152372,0.0,0.0,0.1558503194402191,0.1945851635317345,0.08932461210830545,0.11247493839820022,0.19601178532715235,0.147575437360573,0.004183099241218624,0.04529764001408948,0.06728418552088372,0.006845133262885994,0.0,0.0,0.1558503194402191,0.1945851635317345,0.08932461210830545,0.11247493839820022
5,2024-04-29 11:19,0.01,400,Gender_Pay_Gap,1,0,Demographic Parity,2356,1011,10,0.69326663,0.6928395,1.3861183,0.69296837,0.6931798,1.3861909,0.20040252598121971,0.5021222410865874,0.49296806489540884,0.5021222410865874,0.40758500060825614,0.49357072205736896,0.4713499472148937,0.49357072205736896,0.3943416228558125,0.5046689303904923,0.25469072930148356,0.5046689303904923,0.3385339115567252,0.4896142433234421,0.23972210726518678,0.4896142433234421,0.3218579687185974,1.0,1.0,1.0,1.0,1.0,1.0,1.0,1.0,0.8913412563667232,0.8914171698881698,0.8913412563667232,0.891327157902491,0.7527200791295747,0.7530561935476484,0.7527200791295747,0.7527437892324297,0.7915959252971138,0.791620927444357,0.7915959252971138,0.7915671926568397,0.7556874381800198,0.7557665874191055,0.7556874381800198,0.7556907845443455,0.6723259762308998,0.6750352244291338,0.6723259762308998,0.6705388984248302,0.579624134520277,0.5796338447190075,0.579624134520277,0.5792741524095703,0.0,0.0,0.06357267176795534,0.14933313960386277,0.06357267176795534,0.14933313960386277,0.0,0.0,0.0,0.0,0.031110435047155383,0.10303187988796891,0.19601178532715235,0.147575437360573,0.0,0.0,0.12281475587536617,0.0009275566514030387,0.0,0.0,0.0,0.0,0.03246223672079995,0.10303187988796891
6,2024-04-29 11:26,0.01,400,Gender_Pay_Gap,0,1,Demographic Parity,2357,1011,0,0.35509267,0.7353255,1.1873709,0.34285983,0.739842,1.2505791,0.19697581603078823,0.5808230801866779,0.5836956794700481,0.5808230801866779,0.5667124668662155,0.5450049455984174,0.5671043137552314,0.5450049455984174,0.5276085610854926,0.8638099278744167,0.8647383671092773,0.8638099278744167,0.8637317830763952,0.8565776458951533,0.8568360298862343,0.8565776458951533,0.8566054377423722,1.0,1.0,1.0,1.0,1.0,1.0,1.0,1.0,0.8947815019092066,0.8947868074756505,0.8947815019092066,0.8947815776679918,0.857566765578635,0.8575686499115351,0.857566765578635,0.8575374668261387,0.7793805685193042,0.779593802162488,0.7793805685193042,0.7790126678701529,0.7398615232443125,0.7444086689160204,0.7398615232443125,0.7397744782734437,0.5990666100975817,0.6022537251890729,0.5990666100975817,0.5886216611761894,0.5390702274975272,0.5552987929238553,0.5390702274975272,0.5266198255965984,0.0,0.0,0.03831058332993985,0.03573839995838676,0.03831058332993985,0.03573839995838676,0.0,0.0,0.0680683999302042,0.020838899278653567,0.03635491188274298,0.03383570900975941,0.16118449526513512,0.19786958568738233,0.07827603021542046,0.1216219397363465,0.10833275626265948,0.12587099811676078,0.0,0.0,0.0680683999302042,0.020838899278653567,0.03635491188274298,0.03383570900975941
7,2024-04-29 11:33,0.01,400,Gender_Pay_Gap,0,1,Demographic Parity,2357,1011,5,0.6376126,0.7123974,1.3556514,0.64210063,0.71874726,1.3612485,0.19697581603078823,0.5540941875265167,0.6315203929962128,0.5540941875265167,0.4513109794702849,0.49851632047477745,0.5983047674320643,0.49851632047477745,0.38121581418052736,0.7025880356385236,0.7867407702926767,0.7025880356385236,0.6787800965596102,0.705242334322453,0.7809293362495165,0.705242334322453,0.6805072974645078,1.0,1.0,1.0,1.0,1.0,1.0,1.0,1.0,0.8523546881629189,0.8525462760099397,0.8523546881629189,0.8523301265089863,0.8140454995054401,0.8141918239506822,0.8140454995054401,0.813914249857999,0.7793805685193042,0.779593802162488,0.7793805685193042,0.7790126678701529,0.7398615232443125,0.7444086689160204,0.7398615232443125,0.7397744782734437,0.6147645311837081,0.6211017428907589,0.6147645311837081,0.6029206751535061,0.5578635014836796,0.5832011824870108,0.5578635014836796,0.5404115367947271,0.0,0.0,0.080693030902862,0.026361702849214436,0.080693030902862,0.026361702849214436,0.0,0.0,0.026362473099517225,0.04136348635099241,0.07069737683941135,0.019770237777184008,0.16118449526513512,0.19786958568738233,0.03229431758507462,0.04829331450094165,0.07379435509466847,0.1367702448210923,0.0,0.0,0.04128639721860061,0.04136348635099241,0.07069737683941135,0.019770237777184008
8,2024-04-29 11:39,0.01,400,Gender_Pay_Gap,0,1,Demographic Parity,2357,1011,10,0.6925994,0.6918061,1.3844295,0.6928222,0.69630784,1.3892148,0.19697581603078823,0.5214255409418753,0.27188459474652726,0.5214255409418753,0.3574076909188872,0.47477744807121663,0.2254136251970168,0.47477744807121663,0.30569171706798653,0.5010606703436572,0.2510617953652351,0.5010606703436572,0.3345125221457655,0.5143422354104846,0.2645479351270544,0.5143422354104846,0.3493898921142417,1.0,1.0,1.0,1.0,1.0,1.0,1.0,1.0,0.8884174798472635,0.8886586255604827,0.8884174798472635,0.8884034990714608,0.7903066271018794,0.7902760822982007,0.7903066271018794,0.7902634928273709,0.7793805685193042,0.779593802162488,0.7793805685193042,0.7790126678701529,0.7398615232443125,0.7444086689160204,0.7398615232443125,0.7397744782734437,0.7025880356385236,0.7062814779306232,0.7025880356385236,0.6993941449103337,0.5766567754698319,0.5885176912258759,0.5766567754698319,0.5718347565875339,0.0,0.0,0.07288687650768388,0.09203458909930667,0.07288687650768388,0.09203458909930667,0.0,0.0,0.0,0.0,0.046050718315593486,0.06554981062689569,0.16118449526513512,0.19786958568738233,0.0,0.0,0.08957002464091784,0.07033898305084746,0.0,0.0,0.0,0.0,0.046050718315593486,0.06554981062689569
9,2024-04-29 11:45,0.01,400,Gender_Pay_Gap,1,1,Demographic Parity,1932,829,0,0.36975363,0.71252507,1.1183248,0.34015843,0.71663475,1.2436547,0.0,0.5678053830227743,0.5681891063061381,0.5678053830227743,0.5616061660508791,0.5404101326899879,0.5457969638455238,0.5404101326899879,0.5345641179558109,0.8467908902691511,0.8475633234326139,0.8467908902691511,0.8466527945816228,0.8262967430639324,0.8262840277315263,0.8262967430639324,0.825896521633063,1.0,1.0,1.0,1.0,0.9987937273823885,0.9987964079882052,0.9987937273823885,0.9987936036332904,0.9032091097308489,0.9033758849533915,0.9032091097308489,0.9031856823802548,0.8238841978287093,0.8237202053771304,0.8238841978287093,0.8237249648574164,0.7934782608695652,0.7971409570126106,0.7934782608695652,0.7923492976355588,0.7418576598311218,0.7474982645656575,0.7418576598311218,0.7410061198826561,0.6651138716356108,0.6771020561510429,0.6651138716356108,0.6565847464051731,0.6537997587454765,0.6682972390270921,0.6537997587454765,0.6483791929144382,0.0,0.005555555555555556,0.04534024644873197,0.10457528099871166,0.04534024644873197,0.10457528099871166,0.0,0.0,0.024373784454429614,0.051739304278288656,0.01694219032928701,0.06735305877648945,0.013799213189585269,0.07165734917307243,0.013769182257725388,0.04416491963661773,0.01147181597044955,0.025407640344747184,0.0,0.005555555555555556,0.024373784454429614,0.05944444444444444,0.02839805611944496,0.06735305877648945
10,2024-04-29 11:51,0.01,400,Gender_Pay_Gap,1,1,Demographic Parity,1932,829,5,0.6226482,0.6978546,1.3225911,0.6273726,0.70436853,1.3348511,0.0,0.5238095238095238,0.5910543130990416,0.5238095238095238,0.3849215263425885,0.48612786489746684,0.457173093248785,0.48612786489746684,0.33196430104858765,0.6055900621118012,0.7759148271651087,0.6055900621118012,0.5304865043002237,0.617611580217129,0.7624203621199493,0.617611580217129,0.5331496959612148,1.0,1.0,1.0,1.0,0.9987937273823885,0.9987964079882052,0.9987937273823885,0.9987936036332904,0.8628364389233955,0.8629461907192395,0.8628364389233955,0.8628077999401468,0.7949336550060314,0.796034149781256,0.7949336550060314,0.7951877288374052,0.7934782608695652,0.7971409570126106,0.7934782608695652,0.7923492976355588,0.7418576598311218,0.7474982645656575,0.7418576598311218,0.7410061198826561,0.6004140786749482,0.6012833647688548,0.6004140786749482,0.5966675216128701,0.5355850422195416,0.5391294205085102,0.5355850422195416,0.5321722500680199,0.0,0.005555555555555556,0.06344831139093604,0.12530654404904706,0.06344831139093604,0.12530654404904706,0.0,0.0,0.0020161290322581182,0.008196721311475419,0.04686556904298844,0.06697321071571372,0.013799213189585269,0.07165734917307243,0.03662272140304512,0.0012928022361984315,0.021892549325805533,0.0315630095504309,0.0,0.005555555555555556,0.06644960586327808,0.012777777777777777,0.04686556904298844,0.06697321071571372
11,2024-04-29 11:57,0.01,400,Gender_Pay_Gap,1,1,Demographic Parity,1932,829,10,0.6932105,0.69375885,1.3869752,0.6931183,0.6962047,1.3893251,0.0,0.5144927536231884,0.2647027935307708,0.5144927536231884,0.34955966992580256,0.48854041013269,0.23867173233261693,0.48854041013269,0.3206788753707285,0.4943064182194617,0.2443388350929534,0.4943064182194617,0.3270264145476869,0.4583835946924005,0.21011551988312688,0.4583835946924005,0.28814849624997885,1.0,1.0,1.0,1.0,0.9987937273823885,0.9987964079882052,0.9987937273823885,0.9987936036332904,0.8628364389233955,0.8630793541883041,0.8628364389233955,0.8628355937370734,0.7177322074788902,0.7179805494187753,0.7177322074788902,0.7178396568300848,0.7934782608695652,0.7971409570126106,0.7934782608695652,0.7923492976355588,0.7418576598311218,0.7474982645656575,0.7418576598311218,0.7410061198826561,0.6842650103519669,0.6846850901671317,0.6842650103519669,0.684331341232145,0.617611580217129,0.617591108007416,0.617611580217129,0.6176004455172559,0.0,0.005555555555555556,0.07024682935876947,0.15215691501177303,0.07024682935876947,0.15215691501177303,0.0,0.0,0.0,0.0,0.04547817047817049,0.14660135945621744,0.013799213189585269,0.07165734917307243,0.0,0.0,0.025225982762245136,0.04634288376426732,0.0,0.005555555555555556,0.0,0.0,0.04547817047817049,0.14660135945621744
12,2024-04-29 12:35,0.1,240,Gender_Pay_Gap,0,0,Demographic Parity,24100,10329,0,0.08151135,0.7857032,1.0426707,0.07762436,0.7854039,0.92769915,0.1974810607295524,0.5909128630705395,0.5956985355037405,0.5909128630705395,0.5891596104835662,0.5945396456578566,0.5980697595109199,0.5945396456578566,0.5926257975386425,0.9734024896265561,0.9738150919023106,0.9734024896265561,0.9733873576488506,0.9686320069706651,0.9691522620475436,0.9686320069706651,0.9686166976933283,0.9999585062240663,0.9999585095909744,0.9999585062240663,0.999958506184968,1.0,1.0,1.0,1.0,0.9787551867219917,0.9787553918225486,0.9787551867219917,0.9787548576345082,0.9702778584567722,0.9702782349554987,0.9702778584567722,0.9702776009987385,0.774688796680498,0.7747898853495764,0.774688796680498,0.7747194867329511,0.7728724949172233,0.7730323379857897,0.7728724949172233,0.7728911029879315,0.6195020746887967,0.6212402327666785,0.6195020746887967,0.6152937740223116,0.6157420853906477,0.6187259262202568,0.6157420853906477,0.6115617872481764,0.0002079002079002079,0.0,0.025879756719209373,0.02577732940121849,0.025879756719209373,0.02577732940121849,0.0,0.0,0.012381438910174514,0.013016905468042794,0.01188434562318108,0.013154275678604166,0.21052574975815092,0.20654818728861873,0.18331407330118327,0.1780462206541587,0.18913634224155068,0.1819246201841796,0.0002079002079002079,0.0,0.02074460323347936,0.019309993314655195,0.013995411096028292,0.013154275678604166
13,2024-04-29 13:11,0.1,240,Gender_Pay_Gap,0,0,Demographic Parity,24100,10329,5,0.399556,0.7050586,1.1206537,0.3989276,0.7051027,1.126125,0.1974810607295524,0.5180497925311204,0.5155539526701353,0.5180497925311204,0.5115537790685047,0.5152483299448156,0.5140304396000877,0.5152483299448156,0.5091859409873807,0.8272199170124481,0.8283263226679871,0.8272199170124481,0.8272037481058251,0.826991964372156,0.827692710175244,0.826991964372156,0.8269565222469383,0.9999585062240663,0.9999585095909744,0.9999585062240663,0.999958506184968,1.0,1.0,1.0,1.0,0.8298340248962656,0.8298776418717345,0.8298340248962656,0.8298455095374769,0.8286378158582631,0.8286347709231509,0.8286378158582631,0.8286351748080597,0.774688796680498,0.7747898853495764,0.774688796680498,0.7747194867329511,0.7728724949172233,0.7730323379857897,0.7728724949172233,0.7728911029879315,0.5380497925311203,0.5394949171355631,0.5380497925311203,0.5091745357498051,0.5296737341465776,0.532359683993019,0.5296737341465776,0.5028102616416625,0.0002079002079002079,0.0,0.2531062182127988,0.26795880533613664,0.2531062182127988,0.26795880533613664,0.0,0.0,0.153841899936492,0.15848810839064031,0.14377025452058423,0.15123797972156972,0.21052574975815092,0.20654818728861873,0.014244426784388087,0.004146145652240252,0.01769385976387111,0.007389627952530176,0.0002079002079002079,0.0,0.153841899936492,0.15848810839064031,0.14377025452058423,0.15123797972156972
14,2024-04-29 13:50,0.1,240,Gender_Pay_Gap,0,0,Demographic Parity,24100,10329,0,0.056165047,0.7635349,1.0026379,0.051941738,0.765369,1.0199783,0.1974810607295524,0.5977593360995851,0.5975398203909572,0.5977593360995851,0.5966205502352235,0.5909574983057411,0.5906328581481273,0.5909574983057411,0.5898471860012257,0.9806224066390041,0.980623163778818,0.9806224066390041,0.9806218913475945,0.978603930680608,0.9786177686124742,0.978603930680608,0.9786051145293945,1.0,1.0,1.0,1.0,1.0,1.0,1.0,1.0,0.9898340248962656,0.9898343003332876,0.9898340248962656,0.989833874378905,0.9787007454739084,0.9787277663099428,0.9787007454739084,0.9787023633266714,0.7746473029045643,0.774668336996035,0.7746473029045643,0.7746559937004752,0.7710330138445154,0.7711002767051597,0.7710330138445154,0.7710544957309315,0.6557676348547717,0.6559627642783451,0.6557676348547717,0.6558200450752383,0.6494336334591926,0.6497552982408491,0.6494336334591926,0.649499367133749,0.0,0.0,0.010953656210901636,0.0044567456910426725,0.010953656210901636,0.0044567456910426725,0.0,0.0,0.009903771467845601,0.006204679674067459,0.005264321239324743,0.0037751364281977118,0.2137922926370111,0.2001522301308949,0.19455767233425725,0.18652772346615543,0.20421318731450266,0.18949319433160006,0.0,0.0,0.013063002196545234,0.006204679674067459,0.005689334971576893,0.0037751364281977118
15,2024-04-29 14:25,0.1,240,Gender_Pay_Gap,0,0,Demographic Parity,24100,10329,5,0.47782335,0.7199736,1.2048684,0.4778874,0.7220689,1.2889965,0.1974810607295524,0.5469294605809129,0.5500067299325542,0.5469294605809129,0.525906336639125,0.546035434214348,0.5487257010235469,0.546035434214348,0.5248791268698659,0.804896265560166,0.8051064536159988,0.804896265560166,0.8047371814532805,0.8040468583599574,0.8043651510420518,0.8040468583599574,0.8038597632312062,1.0,1.0,1.0,1.0,1.0,1.0,1.0,1.0,0.8181327800829875,0.8181261019858896,0.8181327800829875,0.8180901131550644,0.8063704133991674,0.8063699628944253,0.8063704133991674,0.8063193108796963,0.7746473029045643,0.774668336996035,0.7746473029045643,0.7746559937004752,0.7710330138445154,0.7711002767051597,0.7710330138445154,0.7710544957309315,0.596058091286307,0.5963827546960973,0.596058091286307,0.5934289483556081,0.5929906089650498,0.5932333909319303,0.5929906089650498,0.5902171111362816,0.0,0.0,0.22806801112213743,0.23436746018071178,0.22806801112213743,0.23436746018071178,0.0,0.0,0.13862175329096105,0.14604729751029233,0.12919126590567243,0.13093594382013363,0.2137922926370111,0.2001522301308949,0.013017898295540897,0.0017450633830704554,0.026817391510742916,0.009812224741380993,0.0,0.0,0.13862175329096105,0.14604729751029233,0.12919126590567243,0.13093594382013363
16,2024-04-29 15:01,0.1,240,Gender_Pay_Gap,0,0,Demographic Parity,24100,10329,10,0.69175434,0.6954839,1.38726,0.6916916,0.69546294,1.3872007,0.1974810607295524,0.5133195020746888,0.2634969112102064,0.5133195020746888,0.34823698610764586,0.5137961080453093,0.26398644064250715,0.5137961080453093,0.3487741040415012,0.5134439834024896,0.26362472409221605,0.5134439834024896,0.3483772468400727,0.5126343305257043,0.26279395683353707,0.5126343305257043,0.34746528163512597,1.0,1.0,1.0,1.0,1.0,1.0,1.0,1.0,0.8066804979253112,0.8071804436892678,0.8066804979253112,0.8067137644217472,0.7988188595217349,0.7989863850868855,0.7988188595217349,0.7988472473319801,0.7746473029045643,0.774668336996035,0.7746473029045643,0.7746559937004752,0.7710330138445154,0.7711002767051597,0.7710330138445154,0.7710544957309315,0.585311203319502,0.585186719380679,0.585311203319502,0.5852262903671015,0.5812760189756995,0.5815502898277896,0.5812760189756995,0.5813507918463687,0.0,0.0,0.19331923470086582,0.20082701657654156,0.19331923470086582,0.20082701657654156,0.0,0.0,0.0,0.0,0.12622640473986313,0.13555095015631036,0.2137922926370111,0.2001522301308949,0.0,0.0,0.03852454749676215,0.022724658196980274,0.0,0.0,0.0,0.0,0.12622640473986313,0.13555095015631036
17,2024-04-29 15:38,0.1,240,Gender_Pay_Gap,1,0,Demographic Parity,23564,10100,0,0.061131246,0.7721004,1.0159338,0.059565037,0.7700233,0.8592768,0.1980381906269233,0.5970123917840774,0.5969320619285134,0.5970123917840774,0.5965636173755762,0.6020792079207921,0.6021710217288481,0.6020792079207921,0.6014925131763456,0.9803513834663046,0.980371585493434,0.9803513834663046,0.9803510156146641,0.9795049504950495,0.9795055210168868,0.9795049504950495,0.9795049957011829,0.9991088100492276,0.9991103995675703,0.9991088100492276,0.9991088112963078,0.9991089108910891,0.9991104883501726,0.9991089108910891,0.9991089062524806,0.9911305381089798,0.991132137282945,0.9911305381089798,0.9911305505203958,0.9812871287128713,0.9812892105637113,0.9812871287128713,0.9812870056191093,0.770836869801392,0.7710962780696823,0.770836869801392,0.7708481980907524,0.7662376237623763,0.7664763977511029,0.7662376237623763,0.7662396288812612,0.6536241724664743,0.653595444273409,0.6536241724664743,0.6534537007343899,0.6523762376237624,0.6524462366639673,0.6523762376237624,0.6521368364425019,0.0008321401113987141,0.000539462015962164,0.003971560883020198,0.005237545998753045,0.003971560883020198,0.005237545998753045,0.0,0.0,0.017215090548641898,0.008874560817469845,0.0024975128898754306,0.0016041831058571931,0.1958708450584214,0.1995500535254644,0.17631079504338842,0.18849528812763783,0.1904373721319133,0.19518769679863762,0.0008321401113987141,0.000539462015962164,0.017215090548641898,0.008874560817469845,0.0024975128898754306,0.003633362892895852
18,2024-04-29 16:13,0.1,240,Gender_Pay_Gap,1,0,Demographic Parity,23564,10100,5,0.46310005,0.69743776,1.1740817,0.46447176,0.6967323,1.2485148,0.1980381906269233,0.5199456798506196,0.5194555356872483,0.5199456798506196,0.5052406416585281,0.5255445544554456,0.5263321113284616,0.5255445544554455,0.5114635745625845,0.8345357324732643,0.8369342136759854,0.8345357324732643,0.8342192029115931,0.8352475247524752,0.8380261044574594,0.8352475247524752,0.8349535958842937,0.9991088100492276,0.9991103995675703,0.9991088100492276,0.9991088112963078,0.9991089108910891,0.9991104883501726,0.9991089108910891,0.9991089062524806,0.8389068069937192,0.8390371559913351,0.8389068069937192,0.8388863653241726,0.8363366336633663,0.8364818075541787,0.8363366336633663,0.8363288506060463,0.770836869801392,0.7710962780696823,0.770836869801392,0.7708481980907524,0.7662376237623763,0.7664763977511029,0.7662376237623763,0.7662396288812612,0.5318282125275845,0.5317252333902455,0.5318282125275845,0.5317496950433371,0.5240594059405941,0.5239140185766454,0.5240594059405941,0.5238985520302789,0.0008321401113987141,0.000539462015962164,0.24132976318257732,0.24056287166264811,0.24132976318257732,0.24056287166264811,0.0,0.0,0.15239562947982355,0.1632020496594201,0.13904060178086852,0.14860307266767325,0.1958708450584214,0.1995500535254644,0.014252029000936917,0.018732030064619598,0.016841533734296643,0.019204691917968586,0.0008321401113987141,0.000539462015962164,0.15239562947982355,0.1632020496594201,0.13904060178086852,0.14860307266767325
19,2024-04-29 16:51,0.1,240,Gender_Pay_Gap,1,0,Demographic Parity,23564,10100,10,0.6865934,0.69499004,1.3818127,0.68659073,0.6947727,1.3829026,0.1980381906269233,0.49567136309624854,0.4948397382659094,0.49567136309624854,0.4941426786713861,0.49594059405940594,0.4951925708338871,0.49594059405940594,0.4941934750968055,0.5860210490578849,0.7730299624569968,0.5860210490578849,0.4997210000717009,0.5815841584158415,0.7727229916808566,0.5815841584158415,0.49427164051220707,0.9991088100492276,0.9991103995675703,0.9991088100492276,0.9991088112963078,0.9991089108910891,0.9991104883501726,0.9991089108910891,0.9991089062524806,0.8205737565778306,0.8224220866138671,0.8205737565778306,0.8202946857942971,0.8152475247524752,0.8167612728233864,0.8152475247524752,0.8150665076420838,0.770836869801392,0.7710962780696823,0.770836869801392,0.7708481980907524,0.7662376237623763,0.7664763977511029,0.7662376237623763,0.7662396288812612,0.5762179595993889,0.5764153085001898,0.5762179595993889,0.5762420959836607,0.5717821782178217,0.5719756903376623,0.5717821782178217,0.5717827281299401,0.0008321401113987141,0.000539462015962164,0.2494118011152707,0.2527118537614218,0.2494118011152707,0.2527118537614218,0.0,0.0,0.0007201261239763168,0.0069444670319555035,0.15734331206215502,0.1707284071164321,0.1958708450584214,0.1995500535254644,0.03287575090553618,0.0368189935706693,0.00587646013037707,0.0049796565585322194,0.0008321401113987141,0.000539462015962164,0.0007201261239763168,0.0069444670319555035,0.15734331206215502,0.1707284071164321
20,2024-04-29 17:27,0.1,240,Gender_Pay_Gap,0,1,Demographic Parity,23573,10103,0,0.049408972,0.75923157,0.9889704,0.041740254,0.75938207,1.3263025,0.19819926830427137,0.599117634581937,0.6018785144384025,0.599117634581937,0.596746341258708,0.5979412055825003,0.6008959026088996,0.5979412055825002,0.5951667068116178,0.9847282908412166,0.9847380347896294,0.9847282908412166,0.9847287320188713,0.9801049193308918,0.9801318448778056,0.9801049193308918,0.9801052366583379,1.0,1.0,1.0,1.0,1.0,1.0,1.0,1.0,0.9947397446230858,0.9947416279452536,0.9947397446230858,0.994739654858008,0.9815896268435118,0.9815918064010513,0.9815896268435118,0.9815897549118231,0.777075467696093,0.7772260134896098,0.777075467696093,0.7770583521445004,0.7769969316044739,0.7775965020361679,0.7769969316044739,0.776889890829337,0.6498536461205616,0.6510047612621623,0.6498536461205616,0.649306255057679,0.6356527764030486,0.6370684663811089,0.6356527764030486,0.6347888253236619,0.0,0.0,0.004815713490376435,0.003272320342181674,0.004815713490376435,0.003272320342181674,0.0,0.0,0.014936954898368882,0.006475614994233658,0.002080617334536128,0.002879226870347029,0.20021372519650082,0.19408637079043833,0.18326128297945643,0.18123263499859432,0.19579397169203994,0.18815124266181854,0.0,0.0,0.014936954898368882,0.006475614994233658,0.002735096155840307,0.002879226870347029
21,2024-04-29 18:04,0.1,240,Gender_Pay_Gap,0,1,Demographic Parity,23573,10103,5,0.33232895,0.70814943,1.0662514,0.33493587,0.7080839,1.2045195,0.19819926830427137,0.5390913333050524,0.5729444354242185,0.5390913333050524,0.4755732700099362,0.5421162031079877,0.5809866012660337,0.5421162031079877,0.4783350132253502,0.8636151529291987,0.8643527026760432,0.8636151529291987,0.8635997828625575,0.8677620508759775,0.8680912603227496,0.8677620508759775,0.8677502971563051,1.0,1.0,1.0,1.0,1.0,1.0,1.0,1.0,0.8806685614898401,0.8808602416311085,0.8806685614898401,0.8806753816149514,0.8737008809264575,0.873735133420535,0.8737008809264575,0.8737029077688746,0.777075467696093,0.7772260134896098,0.777075467696093,0.7770583521445004,0.7769969316044739,0.7775965020361679,0.7769969316044739,0.776889890829337,0.5912272515165655,0.5936966367305954,0.5912272515165655,0.5880835542288692,0.5794318519251708,0.5816932788338179,0.5794318519251708,0.5762568659510369,0.0,0.0,0.19961767147221146,0.18836783523590617,0.19961767147221146,0.18836783523590617,0.0,0.0,0.1408371624511593,0.12986053915198603,0.11289970823603923,0.10649018909616681,0.20021372519650082,0.19408637079043833,0.028567218116919424,0.034978772658610546,0.056480611593279995,0.054341045590483916,0.0,0.0,0.1408371624511593,0.12986053915198603,0.11289970823603923,0.10649018909616681
22,2024-04-29 18:39,0.1,240,Gender_Pay_Gap,0,1,Demographic Parity,23573,10103,10,0.69297475,0.69421315,1.3871917,0.69286424,0.69428253,1.387192,0.19819926830427137,0.5055359945700589,0.6031726507104055,0.5055359945700589,0.3479577203697435,0.504602593289122,0.618267681925737,0.504602593289122,0.3460396725749871,0.5078691723582064,0.25793109623180954,0.5078691723582064,0.34211336229975786,0.504008710284074,0.2540247800422156,0.504008710284074,0.3377969533091813,1.0,1.0,1.0,1.0,1.0,1.0,1.0,1.0,0.8452891019386586,0.8453658404816905,0.8452891019386586,0.8452980811056364,0.828565772542809,0.8285708919269408,0.828565772542809,0.8285671632875402,0.777075467696093,0.7772260134896098,0.777075467696093,0.7770583521445004,0.7769969316044739,0.7775965020361679,0.7769969316044739,0.776889890829337,0.6286853603699147,0.6288516867668803,0.6286853603699147,0.6286193752949097,0.6136791052162724,0.6138806071393543,0.6136791052162724,0.6135463448162929,0.0,0.0,0.12585815537919176,0.12378298054287443,0.12585815537919176,0.12378298054287443,0.0,0.0,0.0,0.0,0.07774157366992751,0.08672825200081258,0.20021372519650082,0.19408637079043833,0.0,0.0,0.07765953712823298,0.06779127253614586,0.0,0.0,0.0,0.0,0.07774157366992751,0.08672825200081258
23,2024-04-29 19:09,0.1,240,Gender_Pay_Gap,1,1,Demographic Parity,19323,8282,0,0.053699378,0.7257713,0.79247856,0.038483255,0.7267496,0.7809325,0.0,0.5693732857216788,0.5695455362829446,0.5693732857216788,0.5692538980339321,0.5705143685100217,0.5713268450116972,0.5705143685100217,0.570420785358472,0.9860787662371268,0.9860926186394341,0.9860787662371268,0.9860788232825879,0.9793528133301135,0.9793577723595521,0.9793528133301135,0.9793528798550601,0.9977229208715003,0.9977332872948478,0.9977229208715003,0.9977229308000315,0.9977058681477904,0.9977163840718416,0.9977058681477904,0.9977058751380768,0.9925994928323759,0.9926001667017049,0.9925994928323759,0.9925995080942828,0.9780246317314658,0.9780284154490582,0.9780246317314658,0.978024470255677,0.768358950473529,0.769275204131473,0.768358950473529,0.768117830595462,0.7634629316590196,0.7642392251952537,0.7634629316590196,0.7630414482447309,0.6106194690265486,0.6107063042283485,0.6106194690265486,0.6105934737318078,0.5968365129195846,0.5976673593263321,0.5968365129195846,0.5967626795410003,0.0007797166579018664,0.0026410831291169157,0.002017098463504544,0.018483728352961117,0.002017098463504544,0.018483728352961117,0.0,0.0,0.0007262986499938506,0.003639955171622744,0.0018894829673371527,0.0034749513920490083,0.008951640778285808,0.004612000513202985,0.006981847207972514,0.011827998583615773,0.008242126846538134,0.012418625440993702,0.0007797166579018664,0.0026410831291169157,0.0035474813150388022,0.013650114998464755,0.0018894829673371527,0.015008776960912108
24,2024-04-29 19:37,0.1,240,Gender_Pay_Gap,1,1,Demographic Parity,19323,8282,5,0.0938869,0.7251063,0.8372531,0.090561636,0.7250767,0.83907807,0.0,0.5659059152305542,0.5706395586843387,0.5659059152305542,0.5574242179602913,0.5665298237140787,0.5683868229993961,0.5665298237140787,0.5584541662986275,0.9730890648450033,0.9730993906273813,0.9730890648450033,0.9730891821821912,0.9712629799565322,0.9712630396116324,0.9712629799565322,0.9712629531427712,0.9977229208715003,0.9977332872948478,0.9977229208715003,0.9977229308000315,0.9977058681477904,0.9977163840718416,0.9977058681477904,0.9977058751380768,0.9834394245200021,0.9834427389214879,0.9834394245200021,0.9834393011252303,0.9696933107944941,0.9697026957866004,0.9696933107944941,0.9696928994242007,0.768358950473529,0.769275204131473,0.768358950473529,0.768117830595462,0.7634629316590196,0.7642392251952537,0.7634629316590196,0.7630414482447309,0.5988718107954252,0.5988639383007389,0.5988718107954252,0.5988562856549434,0.5898333735812605,0.5899702637595524,0.5898333735812605,0.5898758108715209,0.0007797166579018664,0.0026410831291169157,0.008546297172897694,0.01758677717289027,0.008546297172897694,0.01758677717289027,0.0,0.0,0.009000804270725915,0.003039642275566745,0.008190223166108956,0.0007526240772011139,0.008951640778285808,0.004612000513202985,0.012677842364576752,0.006190525617061571,0.01333074773777887,0.01117301714521568,0.0007797166579018664,0.0026410831291169157,0.009000804270725915,0.009153993662049345,0.008190223166108956,0.016834153095689156
25,2024-04-29 20:08,0.1,240,Gender_Pay_Gap,1,1,Demographic Parity,19323,8282,10,0.6931204,0.6940634,1.3871846,0.69311744,0.6942176,1.3873389,0.0,0.5315944729079336,0.5320957676466731,0.5315944729079336,0.5305910194244087,0.5254769379376962,0.5270469643756073,0.5254769379376962,0.5245034967393177,0.5020959478341872,0.25210034083151084,0.5020959478341872,0.33566476388542865,0.5018111567254286,0.2518144370141127,0.5018111567254286,0.33534767122541914,0.9977229208715003,0.9977332872948478,0.9977229208715003,0.9977229308000315,0.9977058681477904,0.9977163840718416,0.9977058681477904,0.9977058751380768,0.8579413134606427,0.8579417175111528,0.8579413134606427,0.8579414580409029,0.8127263945906785,0.8127430037981692,0.8127263945906785,0.8127201828363375,0.768358950473529,0.769275204131473,0.768358950473529,0.768117830595462,0.7634629316590196,0.7642392251952537,0.7634629316590196,0.7630414482447309,0.6620090048129172,0.6621017358223317,0.6620090048129172,0.6619906770978699,0.6375271673508814,0.6379483222225564,0.6375271673508814,0.6375607144773073,0.0007797166579018664,0.0026410831291169157,0.05580228452954214,0.05164290699844165,0.05580228452954214,0.05164290699844165,0.0,0.0,0.0,0.0,0.04718473261801881,0.04072772778043121,0.008951640778285808,0.004612000513202985,0.0,0.0,0.0345352810162835,0.023704248516737747,0.0007797166579018664,0.0026410831291169157,0.0,0.0,0.04718473261801881,0.04072772778043121
26,2024-04-29 21:10,0.25,166,Gender_Pay_Gap,0,0,Demographic Parity,60250,25822,0,0.046960432,0.7656445,0.9912182,0.044432268,0.76464415,0.9678652,0.1974810607295524,0.5962157676348547,0.5962705504387823,0.5962157676348547,0.595256975722711,0.5949190612655875,0.5955292812516254,0.5949190612655875,0.5938413152805738,0.9855103734439834,0.9855374043116795,0.9855103734439834,0.985509140552138,0.9835024397800325,0.9835076445090777,0.9835024397800325,0.9835016411517036,1.0,1.0,1.0,1.0,1.0,1.0,1.0,1.0,0.9909377593360996,0.9909426260404129,0.9909377593360996,0.9909374616436858,0.9840446131205949,0.9840453620583183,0.9840446131205949,0.9840442728262889,0.7724813278008299,0.7726104576330575,0.7724813278008299,0.7724988863876442,0.7720935636279141,0.7722372547952299,0.7720935636279141,0.7720865159102049,0.6265228215767635,0.6266166760008886,0.6265228215767635,0.6265486080750721,0.6247385949965146,0.624736621114368,0.6247385949965146,0.6247375143606254,0.0,0.0,0.007853450930410757,0.00911615150318141,0.007853450930410757,0.00911615150318141,0.0,0.0,0.010348134748054294,0.011289220766423247,0.0054129184812594655,0.007011478877161692,0.20030634384825885,0.19471193799297887,0.1856586894483791,0.18182784071861263,0.1928759914712665,0.18602472294553984,0.0,0.0,0.010348134748054294,0.011289220766423247,0.0054129184812594655,0.007011478877161692
27,2024-04-29 22:12,0.25,166,Gender_Pay_Gap,0,0,Demographic Parity,60250,25822,5,0.28380847,0.7221173,1.027529,0.2823894,0.7218329,1.0255375,0.1974810607295524,0.558804979253112,0.563412389988064,0.558804979253112,0.5544709818168383,0.5570443807605917,0.5601593086043726,0.5570443807605917,0.5527422418427438,0.8839170124481328,0.8845220509200136,0.8839170124481328,0.8839161559429811,0.883277825110371,0.8840503721417596,0.883277825110371,0.8832862383383978,1.0,1.0,1.0,1.0,1.0,1.0,1.0,1.0,0.8987717842323651,0.9013960242034521,0.8987717842323651,0.8986871813164958,0.8932693052435907,0.8960376078289226,0.8932693052435907,0.8932000346379259,0.7724813278008299,0.7726104576330575,0.7724813278008299,0.7724988863876442,0.7720935636279141,0.7722372547952299,0.7720935636279141,0.7720865159102049,0.559585062240664,0.565389589432469,0.559585062240664,0.5538433673726947,0.5554178607389048,0.5594124555154227,0.5554178607389048,0.5495932042865641,0.0,0.0,0.19685428546261316,0.20661698666252576,0.19685428546261316,0.20661698666252576,0.0,0.0,0.14119041562722245,0.14733550378194082,0.13431538037293989,0.14317351227553876,0.20030634384825885,0.19471193799297887,0.03619672453714173,0.029709841831605854,0.06512543673305465,0.05322324106623699,0.0,0.0,0.14119041562722245,0.14733550378194082,0.13431538037293989,0.14317351227553876
28,2024-04-29 23:14,0.25,166,Gender_Pay_Gap,0,0,Demographic Parity,60250,25822,10,0.69211656,0.69834036,1.3904674,0.69220644,0.6981031,1.390358,0.1974810607295524,0.5059419087136929,0.6063420268964451,0.5059419087136929,0.37119499535211065,0.512237626829835,0.6137413853239513,0.512237626829835,0.3786734879027658,0.5090622406639004,0.25914436486975084,0.5090622406639004,0.3434508635717268,0.5120827201611029,0.2622287122875944,0.5120827201611029,0.34684440049636384,1.0,1.0,1.0,1.0,1.0,1.0,1.0,1.0,0.809941908713693,0.8102408479424907,0.809941908713693,0.8099545765932554,0.804895050731934,0.8051605108107127,0.804895050731934,0.8049234443502037,0.7724813278008299,0.7726104576330575,0.7724813278008299,0.7724988863876442,0.7720935636279141,0.7722372547952299,0.7720935636279141,0.7720865159102049,0.5914522821576763,0.5960131107186728,0.5914522821576763,0.5886369915212052,0.5854310278057471,0.5888516678673418,0.5854310278057471,0.5822890993378411,0.0,0.0,0.19184226729676446,0.20719495122164464,0.19184226729676446,0.20719495122164464,0.0,0.0,0.0,0.0,0.11125109274905243,0.12815800034370461,0.20030634384825885,0.19471193799297887,0.0,0.0,0.03198323123547159,0.018579896864540923,0.0,0.0,0.0,0.0,0.11125109274905243,0.12815800034370461
29,2024-04-30 00:14,0.25,166,Gender_Pay_Gap,1,0,Demographic Parity,58912,25248,0,0.037144415,0.72292787,0.93841165,0.03643681,0.72307515,0.7816949,0.1985327624801591,0.5878938077131993,0.5877695665620046,0.5878938077131993,0.5872879124739482,0.5876108998732573,0.5874846385921586,0.5876108998732573,0.5871553750931802,0.9868957088538838,0.986955490514172,0.9868957088538838,0.9868950003914672,0.9862959442332065,0.9863289509882867,0.9862959442332065,0.9862957117084482,1.0,1.0,1.0,1.0,1.0,1.0,1.0,1.0,0.9908677349266702,0.9908710768854155,0.9908677349266702,0.9908676688368723,0.9872465145754119,0.9872469548439524,0.9872465145754119,0.98724651169445,0.7778041825095057,0.7779157353549312,0.7778041825095057,0.7778211764187128,0.7771704689480355,0.7772822831457922,0.7771704689480355,0.7771859935530911,0.6678435632808256,0.6678006354546866,0.6678435632808256,0.6677149303702058,0.6623494930291508,0.6623442138725721,0.6623494930291508,0.6621536211028223,0.0,0.0,0.004064366400369265,0.002297596744454974,0.004064366400369265,0.002297596744454974,0.0,0.0,0.004767837222651505,0.004239836979520573,0.002102652670186278,0.000735602499252419,0.19285156192539665,0.1932584399145802,0.18321144884379137,0.18361098866886189,0.18737060106929798,0.18722040352408476,0.0,0.0,0.004767837222651505,0.004795094627754754,0.002102652670186278,0.001561994245202555
30,2024-04-30 01:15,0.25,166,Gender_Pay_Gap,1,0,Demographic Parity,58912,25248,5,0.3279293,0.7272823,1.0724175,0.328293,0.7264011,1.0909734,0.1985327624801591,0.5302994296577946,0.5876420766261077,0.5302994296577946,0.45278366750747745,0.5300221799746515,0.5859562406629473,0.5300221799746515,0.45245180503162086,0.8632706409560021,0.8640211461896826,0.8632706409560021,0.8632151383945975,0.8635535487959443,0.8643359324454588,0.8635535487959443,0.8634802573600978,1.0,1.0,1.0,1.0,1.0,1.0,1.0,1.0,0.8682441607821836,0.8691577105922159,0.8682441607821836,0.8681783509159314,0.866128010139417,0.8669905193023961,0.866128010139417,0.8660493066754968,0.7778041825095057,0.7779157353549312,0.7778041825095057,0.7778211764187128,0.7771704689480355,0.7772822831457922,0.7771704689480355,0.7771859935530911,0.5948363661053775,0.5970005531245589,0.5948363661053775,0.5938745526096264,0.5932351077313055,0.595323808205169,0.5932351077313055,0.5922509265843532,0.0,0.0,0.23639037591131382,0.2352611029733266,0.23639037591131382,0.2352611029733266,0.0,0.0,0.15304566744055814,0.1544221699785322,0.14662379115180024,0.14762529111362555,0.19285156192539665,0.1932584399145802,0.018044344293745906,0.020432819840385752,0.02834462498779383,0.028471829027725326,0.0,0.0,0.15304566744055814,0.1544221699785322,0.14662379115180024,0.14762529111362555
31,2024-04-30 02:15,0.25,166,Gender_Pay_Gap,1,0,Demographic Parity,58912,25248,10,0.68859196,0.6951468,1.3838031,0.68859404,0.6950499,1.383839,0.1985327624801591,0.4944663226507333,0.49766692890842046,0.4944663226507333,0.4754096668124478,0.49433618504435994,0.49732952147488085,0.49433618504435994,0.4743796025934234,0.7882604562737643,0.7944258630684499,0.7882604562737643,0.7870590684665896,0.7887753485424588,0.7956645472192215,0.7887753485424588,0.7875377171697576,1.0,1.0,1.0,1.0,1.0,1.0,1.0,1.0,0.8270640956002173,0.8270729068255126,0.8270640956002173,0.82706483705107,0.8230750950570342,0.8230767999919177,0.8230750950570342,0.8230748616405212,0.7778041825095057,0.7779157353549312,0.7778041825095057,0.7778211764187128,0.7771704689480355,0.7772822831457922,0.7771704689480355,0.7771859935530911,0.6272576045627376,0.6274138549705139,0.6272576045627376,0.6272874241874484,0.6192173637515843,0.6194278760516964,0.6192173637515843,0.6192409236102463,0.0,0.0,0.15215442451966196,0.16255034081270714,0.15215442451966196,0.16255034081270714,0.0,0.0,0.12531317183559254,0.12451281498643973,0.09194184581425546,0.10503943642355695,0.19285156192539665,0.1932584399145802,0.010941374735277343,0.01113383707044402,0.05294456054969798,0.046788455137338814,0.0,0.0,0.128114529569173,0.13046969016963247,0.09194184581425546,0.10503943642355695
32,2024-04-30 03:18,0.25,166,Gender_Pay_Gap,0,1,Demographic Parity,58931,25257,0,0.039384786,0.7377558,0.9587451,0.033508316,0.7376911,0.976258,0.1947605359433648,0.5856340465968676,0.5863666580502569,0.5856340465968676,0.5847871876535176,0.5865304668012828,0.5871179540094317,0.5865304668012828,0.5856519165438512,0.9857969489742241,0.9858863489494204,0.9857969489742241,0.985797807322412,0.9829750168270183,0.9831416438393369,0.9829750168270183,0.9829768156029558,1.0,1.0,1.0,1.0,1.0,1.0,1.0,1.0,0.9930766489623458,0.9930774100136068,0.9930766489623458,0.9930765718307798,0.9866571643504771,0.9866571892910703,0.9866571643504771,0.986657175273445,0.7738711374319119,0.7742209174070933,0.7738711374319119,0.7738019869905784,0.776220453735598,0.7763259865953963,0.776220453735598,0.7761896587951531,0.6793198825745363,0.680955738407285,0.6793198825745363,0.6786085617398252,0.6795739794908342,0.6807964109659478,0.6795739794908342,0.6789572827571724,0.0,0.0,0.004046765235794259,0.007641973794584932,0.004046765235794259,0.007641973794584932,0.0,0.0,0.010611826481717768,0.013195113780344658,0.003280139805712956,0.006315952330599006,0.1907742185421833,0.1945818060558694,0.17873324299861282,0.18122581166217117,0.1861579357980787,0.18690047409769195,0.0,0.0,0.010611826481717768,0.013195113780344658,0.003280139805712956,0.006315952330599006
33,2024-04-30 04:19,0.25,166,Gender_Pay_Gap,0,1,Demographic Parity,58931,25257,5,0.28744712,0.72092205,1.0287867,0.2827182,0.721989,1.1250193,0.1947605359433648,0.5488961667034328,0.5501191789229741,0.5488961667034328,0.5462285986583074,0.550184107376173,0.5511368670697417,0.550184107376173,0.5475493640952186,0.8813188304966826,0.8813178320798363,0.8813188304966826,0.8813182490495942,0.8772617492180386,0.8772613559978936,0.8772617492180386,0.8772615471054395,1.0,1.0,1.0,1.0,1.0,1.0,1.0,1.0,0.8945546486569038,0.8952816518473153,0.8945546486569038,0.8945445222431508,0.8886249356614008,0.8895846615090179,0.8886249356614008,0.8886179191056375,0.7738711374319119,0.7742209174070933,0.7738711374319119,0.7738019869905784,0.776220453735598,0.7763259865953963,0.776220453735598,0.7761896587951531,0.5778622456771478,0.5806275806714599,0.5778622456771478,0.5742859396202358,0.574890129469058,0.5772284069528506,0.574890129469058,0.5712237386083824,0.0,0.0,0.205068304968191,0.2154177917727283,0.205068304968191,0.2154177917727283,0.0,0.0,0.1310167799578873,0.13609036299788446,0.12778652155582682,0.13163147857366098,0.1907742185421833,0.1945818060558694,0.02834660682437745,0.0260731156861575,0.051446266016113906,0.04723859790285384,0.0,0.0,0.1310167799578873,0.13609036299788446,0.12778652155582682,0.13163147857366098
34,2024-04-30 05:19,0.25,166,Gender_Pay_Gap,0,1,Demographic Parity,58931,25257,10,0.69293267,0.693427,1.3863602,0.69301116,0.69348073,1.3864937,0.1947605359433648,0.5001442364799511,0.47142853978774896,0.5001442364799511,0.33438536329570195,0.49867363503187234,0.5320114398506341,0.49867363503187234,0.3326945107161104,0.5078651304067469,0.25792699068306196,0.5078651304067469,0.3421088338497305,0.5103535653482203,0.2604607616636402,0.5103535653482203,0.34490038311471727,1.0,1.0,1.0,1.0,1.0,1.0,1.0,1.0,0.8643328638577319,0.8643325121277737,0.8643328638577319,0.8643326817696209,0.8504177059824999,0.8504121042457007,0.8504177059824999,0.8504135395017755,0.7738711374319119,0.7742209174070933,0.7738711374319119,0.7738019869905784,0.776220453735598,0.7763259865953963,0.776220453735598,0.7761896587951531,0.672226841560469,0.6722969924978391,0.672226841560469,0.6721967860716553,0.6675773053015006,0.6675876917019942,0.6675773053015006,0.667561394743441,0.0,0.0,0.08628932601278046,0.0587618785402548,0.08628932601278046,0.0587618785402548,0.0,0.0,0.0,0.0,0.05657327590696992,0.048145146750661505,0.1907742185421833,0.1945818060558694,0.0,0.0,0.09720705039284894,0.10764221049616474,0.0,0.0,0.0,0.0,0.05657327590696992,0.048145146750661505
35,2024-04-30 06:08,0.25,166,Gender_Pay_Gap,1,1,Demographic Parity,48308,20704,0,0.033475593,0.72290194,0.7654455,0.027060138,0.7224425,0.78352594,0.0,0.5587687339571086,0.562242204704274,0.5587687339571086,0.5517834275422278,0.5593605100463679,0.5633552602626842,0.5593605100463679,0.5530068768266487,0.9900637575556843,0.9900808428435205,0.9900637575556843,0.9900637454635637,0.9866692426584235,0.9866839371575333,0.9866692426584235,0.9866693715342905,0.9987165686842759,0.9987198629397748,0.9987165686842759,0.9987165707301463,0.9989857032457496,0.9989877696244689,0.9989857032457496,0.9989857086621947,0.9946799701912726,0.9946815618834285,0.9946799701912726,0.9946799779354031,0.9866692426584235,0.9866699936619632,0.9866692426584235,0.9866692866960258,0.7669123126604289,0.7674759582964027,0.7669123126604289,0.7667662362589815,0.7656008500772797,0.7661216834496396,0.7656008500772797,0.7655071330604816,0.6005216527283266,0.6005217428945492,0.6005216527283266,0.600500940976086,0.5956819938176198,0.5957142618822887,0.5956819938176198,0.5956720436163796,0.0008033225263607297,0.0017345291281461496,0.0003947630498611467,0.007182911830927917,0.0003947630498611467,0.007182911830927917,0.0,0.0,0.0005601068848757329,0.000617635596132371,0.0001748279435425104,0.0025299282417741153,0.006955308111220304,0.005421945805102635,0.00562072848598455,0.007827160201668126,0.007495838158943557,0.005521065833503536,0.0008033225263607297,0.0017345291281461496,0.003768462525493269,0.007347797879712773,0.00021993510631863628,0.0046529835891538016
36,2024-04-30 06:57,0.25,166,Gender_Pay_Gap,1,1,Demographic Parity,48308,20704,5,0.059777714,0.7318812,0.8006171,0.055603873,0.729691,0.90474075,0.0,0.5634263476028815,0.5637751255576284,0.5634263476028815,0.5630121623869879,0.5666537867078826,0.5668747363765899,0.5666537867078826,0.5661152395812965,0.9799412105655378,0.9799432884918504,0.9799412105655378,0.9799412413113902,0.9771058732612056,0.9771143100590054,0.9771058732612056,0.977106070664944,0.9987165686842759,0.9987198629397748,0.9987165686842759,0.9987165707301463,0.9989857032457496,0.9989877696244689,0.9989857032457496,0.9989857086621947,0.9831290883497558,0.9831315079853308,0.9831290883497558,0.9831291147876148,0.977733771251932,0.9777451366425851,0.977733771251932,0.9777339774221333,0.7669123126604289,0.7674759582964027,0.7669123126604289,0.7667662362589815,0.7656008500772797,0.7661216834496396,0.7656008500772797,0.7655071330604816,0.5684772708454087,0.568475382340738,0.5684772708454087,0.5684357711688407,0.5685374806800618,0.5685672299382704,0.5685374806800618,0.568525984717629,0.0008033225263607297,0.0017345291281461496,0.004395746776676011,0.005372298971310925,0.004395746776676011,0.005372298971310925,0.0,0.0,0.0023871788099931734,7.450638104999907e-05,0.003232621604143948,0.0016445081690520391,0.006955308111220304,0.005421945805102635,0.007412305234216043,0.005899069421383574,0.008157043064047464,0.005414107279038183,0.0008033225263607297,0.0017345291281461496,0.0023871788099931734,0.003152747674024268,0.003232621604143948,0.003727790802258886
37,2024-04-30 07:49,0.25,166,Gender_Pay_Gap,1,1,Demographic Parity,48308,20704,10,0.6930966,0.6936816,1.3867786,0.69310635,0.69392765,1.387042,0.0,0.5033741823300488,0.5239458131822895,0.5033741823300488,0.35515523035969354,0.5001448995363215,0.5179323475825739,0.5001448995363215,0.35228315848062336,0.5012627308106318,0.2512643252997319,0.5012627308106318,0.33473731165504594,0.5031394899536321,0.25314934635080105,0.5031394899536321,0.33682748413270686,0.9987165686842759,0.9987198629397748,0.9987165686842759,0.9987165707301463,0.9989857032457496,0.9989877696244689,0.9989857032457496,0.9989857086621947,0.8659021280119235,0.866002848776968,0.8659021280119235,0.8658894842789697,0.848531684698609,0.8485762421193414,0.848531684698609,0.848519462254721,0.7669123126604289,0.7674759582964027,0.7669123126604289,0.7667662362589815,0.7656008500772797,0.7661216834496396,0.7656008500772797,0.7655071330604816,0.664258507907593,0.6642634928807712,0.664258507907593,0.6642592239442896,0.6559119010819165,0.6559105564924138,0.6559119010819165,0.655910616719464,0.0008033225263607297,0.0017345291281461496,0.044546609247660754,0.04641986654829866,0.044546609247660754,0.04641986654829866,0.0,0.0,0.0,0.0,0.037575416776295945,0.037674750728714734,0.006955308111220304,0.005421945805102635,0.0,0.0,0.027630874255086257,0.019941154318518395,0.0008033225263607297,0.0017345291281461496,0.0,0.0,0.037575416776295945,0.037674750728714734
38,2024-04-30 09:07,0.5,105,Gender_Pay_Gap,0,0,Demographic Parity,120500,51644,0,0.03138823,0.7348716,0.95385647,0.030171884,0.7356031,0.9296031,0.1974810607295524,0.5833526970954357,0.5833156384237902,0.5833526970954357,0.5811490567006606,0.5830687011075827,0.5834835953117259,0.5830687011075827,0.581228629207265,0.9893775933609958,0.9894253253822135,0.9893775933609958,0.9893759056232079,0.9886143598481915,0.9886599316281905,0.9886143598481915,0.9886132165145863,0.9999917012448133,0.9999917013790365,0.9999917012448133,0.9999917012430088,1.0,1.0,1.0,1.0,0.9917427385892116,0.9917441186627055,0.9917427385892116,0.9917425246480039,0.9892727131903029,0.9892783339721771,0.9892727131903029,0.9892723830242564,0.7741327800829876,0.7742144468028813,0.7741327800829876,0.7741551172249782,0.7718418402912245,0.7718487340092623,0.7718418402912245,0.7718447010911736,0.6440746887966805,0.6439778267468987,0.6440746887966805,0.6436521958996674,0.6434242119123228,0.6436224355292125,0.6434242119123228,0.6429308667669049,4.1421588932151434e-05,0.0,0.0050271901675882046,0.006522325354216528,0.0050271901675882046,0.006522325354216528,0.0,0.0,0.00548337173698199,0.006363468296286645,0.004227368806182463,0.0060819311279486366,0.19702670778578474,0.19917489239694008,0.1882519883930422,0.19050291718624268,0.19129923252638853,0.19214809324300836,4.1421588932151434e-05,0.0,0.00548337173698199,0.006363468296286645,0.004227368806182463,0.0060819311279486366
39,2024-04-30 10:26,0.5,105,Gender_Pay_Gap,0,0,Demographic Parity,120500,51644,5,0.27392706,0.73739433,1.0381863,0.2730081,0.73778254,1.0830648,0.1974810607295524,0.5589045643153527,0.5692161929158079,0.5589045643153527,0.5494069465334993,0.5615560374874138,0.5701121956165325,0.5615560374874138,0.552107895155898,0.8851701244813278,0.885676934308712,0.8851701244813278,0.8851886152637995,0.8843428084579041,0.8846889393689118,0.8843428084579041,0.8843453891207376,0.9999917012448133,0.9999917013790365,0.9999917012448133,0.9999917012430088,1.0,1.0,1.0,1.0,0.8949709543568465,0.8970955843818894,0.8949709543568465,0.8949387944565266,0.8944117419254899,0.8961327281264657,0.8944117419254899,0.8943561040607848,0.7741327800829876,0.7742144468028813,0.7741327800829876,0.7741551172249782,0.7718418402912245,0.7718487340092623,0.7718418402912245,0.7718447010911736,0.5711203319502075,0.5736794829270909,0.5711203319502075,0.5700601081307216,0.5695724575942994,0.5711513903893453,0.5695724575942994,0.56862968413514,4.1421588932151434e-05,0.0,0.20344595807025387,0.2137211203244043,0.20344595807025387,0.2137211203244043,0.0,0.0,0.14100984395250937,0.14546791776976087,0.13752529080954068,0.1436516577651865,0.19702670778578474,0.19917489239694008,0.0352868705732266,0.03400361340250996,0.05756526385358118,0.05431084526228036,4.1421588932151434e-05,0.0,0.14100984395250937,0.14546791776976087,0.13752529080954068,0.1436516577651865
40,2024-04-30 11:45,0.5,105,Gender_Pay_Gap,0,0,Demographic Parity,120500,51644,10,0.6851014,0.69781595,1.3830436,0.6847668,0.6984518,1.3843708,0.1974810607295524,0.5139253112033195,0.6051327482385129,0.5139253112033195,0.35220121342777905,0.5084811401130819,0.574439949461565,0.5084811401130819,0.3456142289495659,0.5139751037344399,0.7504052456420989,0.5139751037344399,0.3499522465626062,0.5086554101154055,0.7502948265218164,0.5086554101154055,0.34399796189270565,0.9999917012448133,0.9999917013790365,0.9999917012448133,0.9999917012430088,1.0,1.0,1.0,1.0,0.8134439834024896,0.8139129737584083,0.8134439834024896,0.8134745310672891,0.8132987375106498,0.8136277615957015,0.8132987375106498,0.8133024982803737,0.7741327800829876,0.7742144468028813,0.7741327800829876,0.7741551172249782,0.7718418402912245,0.7718487340092623,0.7718418402912245,0.7718447010911736,0.596597510373444,0.5963423074059944,0.596597510373444,0.5958620399013547,0.5995662613275502,0.5996877697509402,0.5995662613275502,0.5987338563066311,4.1421588932151434e-05,0.0,0.16505667558013232,0.1636099868149609,0.16505667558013232,0.1636099868149609,0.0,0.0,0.0,0.0,0.10612315418711538,0.10733156058815774,0.19702670778578474,0.19917489239694008,0.0009580645434210666,0.0009186996916121792,0.043883475750706946,0.04605573095171539,4.1421588932151434e-05,0.0,0.0012687570278063776,0.001158508878741693,0.10612315418711538,0.10733156058815774
41,2024-04-30 13:03,0.5,105,Gender_Pay_Gap,1,0,Demographic Parity,117823,50496,0,0.03598066,0.7562986,0.98476386,0.03427521,0.7542327,0.98655427,0.1964397303053681,0.5889172742164094,0.5976505683070407,0.5889172742164094,0.5829213882335327,0.5924033586818758,0.6007036778078285,0.5924033586818758,0.5866905451185769,0.9872520645374842,0.9872687745060461,0.9872520645374842,0.9872519053527633,0.9863157477820025,0.9863290620273685,0.9863157477820025,0.9863157667640169,0.9993040408069732,0.9993050094513793,0.9993040408069732,0.9993040411070695,0.9991484474017744,0.9991498907112629,0.9991484474017744,0.9991484445152921,0.989670947098614,0.989675308435378,0.989670947098614,0.9896709444944496,0.9873851394169835,0.9873927813050053,0.9873851394169835,0.9873850099970822,0.7758926525381292,0.7760307692923788,0.7758926525381292,0.775914303802995,0.7747544359949303,0.7749721712804113,0.7747544359949303,0.7747720576543015,0.6539555095354896,0.6542191308499116,0.6539555095354896,0.6539890947291068,0.6530022179974652,0.6532269333313989,0.6530022179974652,0.6530284238079308,0.000564042747227897,0.0007536582568512921,0.008908644373037448,0.010704935347165087,0.008908644373037448,0.010704935347165087,0.0,0.0,0.011001301593803636,0.01237590796233401,0.005764717570939104,0.00814074206715476,0.1929680291061306,0.20688769215333758,0.18082003318216955,0.19369987427045682,0.18470012803992497,0.19654498348764055,0.000564042747227897,0.0007536582568512921,0.011001301593803636,0.01237590796233401,0.005764717570939104,0.00814074206715476
42,2024-04-30 14:21,0.5,105,Gender_Pay_Gap,1,0,Demographic Parity,117823,50496,5,0.3126283,0.71712226,1.0540595,0.31215388,0.716632,1.0878029,0.1964397303053681,0.531755260008657,0.5319229022170244,0.531755260008657,0.5184325963886934,0.5305172686945501,0.5308355823970702,0.5305172686945501,0.5176892794058496,0.8642964446670005,0.8645418662565159,0.8642964446670005,0.8642708278660995,0.8646031368821293,0.8647822295002625,0.8646031368821293,0.8645919366344847,0.9993040408069732,0.9993050094513793,0.9993040408069732,0.9993040411070695,0.9991484474017744,0.9991498907112629,0.9991484474017744,0.9991484445152921,0.8819839929385603,0.8843104106657637,0.8819839929385603,0.8817981413354622,0.8793567807351077,0.8818054411266932,0.8793567807351077,0.8791804164737989,0.7758926525381292,0.7760307692923788,0.7758926525381292,0.775914303802995,0.7747544359949303,0.7749721712804113,0.7747544359949303,0.7747720576543015,0.5609855461157839,0.5679293092742205,0.5609855461157839,0.5544944680979685,0.5609355196451205,0.5672631643720148,0.5609355196451205,0.5547500542179479,0.000564042747227897,0.0007536582568512921,0.19101361173290624,0.1953042838920298,0.19101361173290624,0.1953042838920298,0.0,0.0,0.15065305166636922,0.1484498521458808,0.13216048144955939,0.13691547249129676,0.1929680291061306,0.20688769215333758,0.018665966034411396,0.029573031751153778,0.055780314689556854,0.06370406073583568,0.000564042747227897,0.0007536582568512921,0.15065305166636922,0.1484498521458808,0.13216048144955939,0.13691547249129676
43,2024-04-30 15:39,0.5,105,Gender_Pay_Gap,1,0,Demographic Parity,117823,50496,10,0.6904895,0.69514114,1.3857026,0.6905101,0.694878,1.3854678,0.1964397303053681,0.5042563845768653,0.5038201593669849,0.5042563845768653,0.503791282969017,0.5099809885931559,0.5095484210554873,0.5099809885931559,0.5094245932053462,0.73868429763289,0.7902354710844001,0.73868429763289,0.7266457944922082,0.735781051964512,0.7882772045340734,0.735781051964512,0.7229217009076017,0.9993040408069732,0.9993050094513793,0.9993040408069732,0.9993040411070695,0.9991484474017744,0.9991498907112629,0.9991484474017744,0.9991484445152921,0.8385035179888477,0.8387697466349576,0.8385035179888477,0.8384680540914861,0.8369177756653993,0.8371812631199307,0.8369177756653993,0.8368945294238248,0.7758926525381292,0.7760307692923788,0.7758926525381292,0.775914303802995,0.7747544359949303,0.7749721712804113,0.7747544359949303,0.7747720576543015,0.5821189411235498,0.5819673274285627,0.5821189411235498,0.5819648769801765,0.5827986375158428,0.5826495556941291,0.5827986375158428,0.5826019183279955,0.000564042747227897,0.0007536582568512921,0.19819923839478018,0.19784327784010222,0.19819923839478018,0.19784327784010222,0.0,0.0,0.06179054277963825,0.060162176239504817,0.11921711380206146,0.11779708865847338,0.1929680291061306,0.20688769215333758,0.0005705609984318905,0.008818957291424678,0.035402315141944085,0.044809490968593546,0.000564042747227897,0.0007536582568512921,0.12796703389192665,0.12438204279969406,0.11921711380206146,0.11779708865847338
44,2024-04-30 16:57,0.5,105,Gender_Pay_Gap,0,1,Demographic Parity,117863,50513,0,0.0315443,0.73288155,0.953794,0.02887013,0.7321358,0.96236014,0.1956692165154179,0.5837794727777165,0.5920566244351082,0.5837794727777165,0.5741462755883526,0.5875517193593728,0.5960071190193247,0.5875517193593728,0.5780655032526867,0.9892417467737967,0.9892417417756587,0.9892417467737967,0.9892417439898185,0.987686338170372,0.9876864636669417,0.987686338170372,0.9876863761358528,1.0,1.0,1.0,1.0,0.9999802031160295,0.999980203884751,0.9999802031160295,0.9999802031083299,0.9915664797264621,0.9915685204083738,0.9915664797264621,0.991566330254826,0.9882406509215449,0.988240872658996,0.9882406509215449,0.9882405386086481,0.7751032978967106,0.7752287402156705,0.7751032978967106,0.7750786678509399,0.7756419139627423,0.7757222979704986,0.7756419139627423,0.7756282164244334,0.6473787363294673,0.649006527294339,0.6473787363294673,0.6464249918058836,0.6495753568388336,0.6511086508848796,0.6495753568388336,0.6487222535468067,0.0,0.00010134792743488395,0.002026374197443819,0.0028103227342926723,0.002026374197443819,0.0028103227342926723,0.0,0.0,0.007509148817242073,0.007020866786065949,0.001770942179224133,0.002327310787662462,0.19668996216086532,0.20006746240013223,0.18694982921793096,0.19084246484561607,0.1923792279587177,0.1944046283756491,0.0,0.00010134792743488395,0.007509148817242073,0.007020866786065949,0.001770942179224133,0.002327310787662462
45,2024-04-30 18:17,0.5,105,Gender_Pay_Gap,0,1,Demographic Parity,117863,50513,5,0.2887362,0.7360149,1.0502634,0.28731552,0.7370795,1.0462854,0.1956692165154179,0.5493836063904703,0.5493900757404312,0.5493836063904703,0.5493640569652406,0.5466315601924258,0.5466332180708484,0.5466315601924258,0.5466105871870128,0.8779006134240601,0.8785452237539355,0.8779006134240601,0.8778013276214475,0.8763090689525469,0.876780964276731,0.8763090689525469,0.876215576512727,1.0,1.0,1.0,1.0,0.9999802031160295,0.999980203884751,0.9999802031160295,0.9999802031083299,0.8876492198569526,0.8893282224370924,0.8876492198569526,0.8875900956718377,0.885079088551462,0.8869862567867903,0.885079088551462,0.8850244657874011,0.7751032978967106,0.7752287402156705,0.7751032978967106,0.7750786678509399,0.7756419139627423,0.7757222979704986,0.7756419139627423,0.7756282164244334,0.5889464887199545,0.5916199057024626,0.5889464887199545,0.585959821860288,0.5839486864767486,0.5865371694144488,0.5839486864767486,0.5809369606930019,0.0,0.00010134792743488395,0.22306231298497062,0.2278005424841133,0.22306231298497062,0.2278005424841133,0.0,0.0,0.11872987838189342,0.12196904004211495,0.1424143594961682,0.14316813680617424,0.19668996216086532,0.20006746240013223,0.02561393769481657,0.026171994048467373,0.0449733353106197,0.04437353885302714,0.0,0.00010134792743488395,0.1372721296204814,0.13710675469714712,0.1424143594961682,0.14316813680617424
46,2024-04-30 19:34,0.5,105,Gender_Pay_Gap,0,1,Demographic Parity,117863,50513,10,0.6929602,0.6932596,1.3862197,0.6930275,0.69323885,1.3862671,0.1956692165154179,0.5020574735073772,0.5033801792087779,0.5020574735073772,0.44365208671548245,0.5054342446498921,0.508734872266133,0.5054342446498921,0.44809077796466656,0.5076147730840043,0.25767275785312516,0.5076147730840043,0.3418283801053834,0.5098093560073644,0.25990557947264364,0.5098093560073644,0.3442892686265429,1.0,1.0,1.0,1.0,0.9999802031160295,0.999980203884751,0.9999802031160295,0.9999802031083299,0.8427326641948704,0.8427810598068507,0.8427326641948704,0.8427402048814688,0.8361411913764774,0.8361663851603734,0.8361411913764774,0.8361483344798356,0.7751032978967106,0.7752287402156705,0.7751032978967106,0.7750786678509399,0.7756419139627423,0.7757222979704986,0.7756419139627423,0.7756282164244334,0.6609877569720778,0.6610817153834734,0.6609877569720778,0.660940776651818,0.6557123908696771,0.6557588648233155,0.6557123908696771,0.6556926328589084,0.0,0.00010134792743488395,0.07550691147223942,0.08180982657124802,0.07550691147223942,0.08180982657124802,0.0,0.0,0.0,0.0,0.052828341466060524,0.06336929422666326,0.19668996216086532,0.20006746240013223,0.0,0.0,0.09830718033995833,0.09475312913677225,0.0,0.00010134792743488395,0.0,0.0,0.052828341466060524,0.06336929422666326
47,2024-04-30 20:37,0.5,105,Gender_Pay_Gap,1,1,Demographic Parity,96616,41408,0,0.027854333,0.7149977,0.7465806,0.024519054,0.71574247,0.88140774,0.0,0.5545458309182744,0.5589881542198818,0.5545458309182744,0.5458483370795385,0.54979714064915,0.5527069409899705,0.54979714064915,0.5408099690180505,0.9907054732135464,0.9907061477951422,0.9907054732135464,0.9907054776742922,0.989060085007728,0.9890600869142914,0.989060085007728,0.9890600853841702,0.9993582843421379,0.999359108042415,0.9993582843421379,0.9993582846575426,0.9994687017001546,0.9994692648415402,0.9994687017001546,0.9994687011411594,0.993489691148464,0.9934916992312348,0.993489691148464,0.9934896937868596,0.9896155332302936,0.9896196016637135,0.9896155332302936,0.9896154896237331,0.7671400182164445,0.7679175013679885,0.7671400182164445,0.7669754105463338,0.7674120942812983,0.767984457609165,0.7674120942812983,0.7673457855462487,0.6134077171482984,0.6134084837878111,0.6134077171482984,0.6134061337297684,0.6069117078825348,0.6069025042624676,0.6069117078825348,0.606905517142223,0.00033424022023242797,0.0009381360387115906,0.0007493658350789245,0.00446247564094435,0.0007493658350789245,0.00446247564094435,0.0,0.0,0.0015756762748107,0.0027445505363973277,2.606179418473964e-05,0.0014038735894457144,0.0020287117053502945,0.005237108131437407,0.0016975652477099201,0.0054696084379040055,0.002214656347911126,0.004768971927953725,0.00033424022023242797,0.0009381360387115906,0.0015756762748107,0.0029872758560266707,0.0007233040408941849,0.0030586020514986358
48,2024-04-30 21:42,0.5,105,Gender_Pay_Gap,1,1,Demographic Parity,96616,41408,5,0.049079806,0.71320534,0.7624201,0.050926432,0.7141274,0.7950294,0.0,0.555539455162706,0.5586210446338481,0.555539455162706,0.5494960217275767,0.5531539799072643,0.5552385753268312,0.5531539799072643,0.5467589789614821,0.9819905605696779,0.9820238181637486,0.9819905605696779,0.9819903568329865,0.9829018547140649,0.9829365435438496,0.9829018547140649,0.9829014405053121,0.9993582843421379,0.999359108042415,0.9993582843421379,0.9993582846575426,0.9994687017001546,0.9994692648415402,0.9994687017001546,0.9994687011411594,0.9857270017388424,0.9857288406147549,0.9857270017388424,0.9857270078534501,0.9833124034003091,0.9833155087198371,0.9833124034003091,0.9833123451118156,0.7671400182164445,0.7679175013679885,0.7671400182164445,0.7669754105463338,0.7674120942812983,0.767984457609165,0.7674120942812983,0.7673457855462487,0.6055622257183075,0.6055836863306667,0.6055622257183075,0.605537906029191,0.5984833848531684,0.5984566977081668,0.5984833848531684,0.598436925125828,0.00033424022023242797,0.0009381360387115906,0.002424289449611988,0.007255458890112549,0.002424289449611988,0.007255458890112549,0.0,0.0,0.0023390125097488834,0.0014814923161369231,0.0023831174811898004,0.003108991951769835,0.0020287117053502945,0.005237108131437407,0.001983834603578205,0.0035585593185794018,0.0006000576892384313,0.005007743415521182,0.00033424022023242797,0.0009381360387115906,0.0027062980249718885,0.005407386772940826,0.0023831174811898004,0.004146466938342714
49,2024-04-30 22:47,0.5,105,Gender_Pay_Gap,1,1,Demographic Parity,96616,41408,10,0.6930866,0.69340414,1.3864913,0.6930828,0.69368196,1.3867711,0.0,0.5133518257845492,0.5169424387761167,0.5133518257845492,0.48705274843882046,0.508887171561051,0.5136583245435404,0.508887171561051,0.48190374165406863,0.500703817173139,0.25070431253175224,0.500703817173139,0.3341156458227733,0.49927550231839257,0.24927602721528322,0.49927550231839257,0.33252864710964364,0.9993582843421379,0.999359108042415,0.9993582843421379,0.9993582846575426,0.9994687017001546,0.9994692648415402,0.9994687017001546,0.9994687011411594,0.8646186966961994,0.8647175472583688,0.8646186966961994,0.8646076333780599,0.8551487635239567,0.8552526527226415,0.8551487635239567,0.8551402961948836,0.7671400182164445,0.7679175013679885,0.7671400182164445,0.7669754105463338,0.7674120942812983,0.767984457609165,0.7674120942812983,0.7673457855462487,0.6493748447462118,0.6493772571453439,0.6493748447462118,0.6493740875016518,0.6435954404945904,0.6436298875292933,0.6435954404945904,0.6436012997934774,0.00033424022023242797,0.0009381360387115906,0.05804685823732075,0.05710732435332316,0.05804685823732075,0.05710732435332316,0.0,0.0,0.0,0.0,0.04135968577788762,0.038328410099016996,0.0020287117053502945,0.005237108131437407,0.0,0.0,0.027646872613814988,0.03262481180857424,0.00033424022023242797,0.0009381360387115906,0.0,0.0,0.04135968577788762,0.038328410099016996
50,2024-05-01 00:04,0.75,67,Gender_Pay_Gap,0,0,Demographic Parity,180751,77465,0,0.034151085,0.72800344,0.9500356,0.033592824,0.7271693,0.8078302,0.1974810607295524,0.5916149841494653,0.5917352135363133,0.5916149841494653,0.591648677256,0.5947589233847544,0.5948913963824541,0.5947589233847544,0.5948043746407382,0.9877566375843011,0.9877687975753253,0.9877566375843011,0.987755891697738,0.9874394888013942,0.9874478446454009,0.9874394888013942,0.9874386220662091,1.0,1.0,1.0,1.0,1.0,1.0,1.0,1.0,0.9892725351450338,0.9892820361631539,0.9892725351450338,0.9892719663745705,0.987658942748338,0.9876637354253586,0.987658942748338,0.9876582918778549,0.7719735990395628,0.7720435653361718,0.7719735990395628,0.7719895281144529,0.7697540824888659,0.7698898217215343,0.7697540824888659,0.7697831504631275,0.6504473004298731,0.6518281700129502,0.6504473004298731,0.6487911483845366,0.6509391338023623,0.6520906047005899,0.6509391338023623,0.6491525277906676,0.0,0.0,0.005051882323237734,0.004655372948553931,0.005051882323237734,0.004655372948553931,0.0,0.0,0.0070962105731868785,0.006702271502121326,0.002375098401125819,0.0031430267637467812,0.19453881133116246,0.20140969045382462,0.18490840822162496,0.19191945056890253,0.19045467811534073,0.19558712139342055,0.0,0.0,0.0070962105731868785,0.006702271502121326,0.002676783922111915,0.0031430267637467812
51,2024-05-01 01:24,0.75,67,Gender_Pay_Gap,0,0,Demographic Parity,180751,77465,5,0.32033938,0.7243111,1.0727811,0.3210767,0.7251614,1.1691906,0.1974810607295524,0.5726607321674569,0.5890756703703621,0.5726607321674569,0.5576013064140188,0.5687988123668754,0.586141155805338,0.5687988123668754,0.5536513371753491,0.8683769384401746,0.8709937793805557,0.8683769384401746,0.8682723237434202,0.8691409023429936,0.8723695985049403,0.8691409023429936,0.8690483604124214,1.0,1.0,1.0,1.0,1.0,1.0,1.0,1.0,0.884376849920609,0.8847327835649401,0.884376849920609,0.8843876500307835,0.8847737687988124,0.8852956920380499,0.8847737687988124,0.8847961692938097,0.7719735990395628,0.7720435653361718,0.7719735990395628,0.7719895281144529,0.7697540824888659,0.7698898217215343,0.7697540824888659,0.7697831504631275,0.6006993045681628,0.6041925595490784,0.6006993045681628,0.594819152684989,0.5976634609178338,0.6003194089164272,0.5976634609178338,0.5916259255829278,0.0,0.0,0.20302918585975868,0.19680909264262525,0.20302918585975868,0.19680909264262525,0.0,0.0,0.1632820419500226,0.16225009320211947,0.11402907610502055,0.11032481733869037,0.19453881133116246,0.20140969045382462,0.021702556991189448,0.02967104723319186,0.05179669828277633,0.0605012722441835,0.0,0.0,0.1632820419500226,0.16225009320211947,0.11402907610502055,0.11032481733869037
52,2024-05-01 02:43,0.75,67,Gender_Pay_Gap,0,0,Demographic Parity,180751,77465,10,0.68931425,0.70759267,1.3969977,0.689378,0.70661986,1.3971165,0.1974810607295524,0.5109957897881616,0.5617236233876853,0.5109957897881616,0.3515698471883316,0.5135867811269605,0.5491712201694917,0.5135867811269605,0.35455347551182365,0.5512500622403196,0.7579148704693435,0.5512500622403196,0.43043405423505515,0.5550764861550378,0.7584699952736335,0.5550764861550378,0.4347311157434023,1.0,1.0,1.0,1.0,1.0,1.0,1.0,1.0,0.8163163689274194,0.8163478568508121,0.8163163689274194,0.8162689614876254,0.8162137739624347,0.8161925162195568,0.8162137739624347,0.8161911375817295,0.7719735990395628,0.7720435653361718,0.7719735990395628,0.7719895281144529,0.7697540824888659,0.7698898217215343,0.7697540824888659,0.7697831504631275,0.5592721478719344,0.5594140112311917,0.5592721478719344,0.55931048334895,0.5579422965210095,0.5581776447267661,0.5579422965210095,0.5580074029013047,0.0,0.0,0.2681434216785529,0.25775680279786684,0.2681434216785529,0.25775680279786684,0.0,0.0,0.0008235671303146175,0.0006116614407033483,0.1480906143892473,0.14010721795808678,0.19453881133116246,0.20140969045382462,0.013259139047458679,0.014464534769365045,0.006221356648593801,0.0034071401279819336,0.0,0.0,0.005529972989320453,0.004714905970886862,0.1480906143892473,0.14010721795808678
53,2024-05-01 04:00,0.75,67,Gender_Pay_Gap,1,0,Demographic Parity,176735,75744,0,0.040375054,0.7524041,0.9743301,0.03857445,0.75427204,0.92908245,0.19984559077973046,0.5745211757716355,0.5803853881985637,0.5745211757716355,0.5693250344755575,0.5739464512040557,0.5804864697965951,0.5739464512040557,0.5689231287171038,0.9854527965598212,0.9854886002702544,0.9854527965598212,0.9854526181641382,0.9844080059146599,0.9844403681141107,0.9844080059146599,0.984407373822896,0.9992927263982799,0.9992937268758363,0.9992927263982799,0.9992927267549142,0.9993398817068019,0.999340747163305,0.9993398817068019,0.9993398789452451,0.9889156081138427,0.9889188178684307,0.9889156081138427,0.9889156101898202,0.9865863962822138,0.9865892051013467,0.9865863962822138,0.9865862811149827,0.7759413811638894,0.7761115629863867,0.7759413811638894,0.7759520351252538,0.7768536121673004,0.7771069511859044,0.7768536121673004,0.7768763740267388,0.6484340962457917,0.648873250817626,0.6484340962457917,0.647756759758383,0.6506257921419518,0.6509354539143772,0.6506257921419518,0.649871669082031,0.0010818058732143113,0.001148025599167024,0.004831411195716879,0.004464463778374573,0.004831411195716879,0.004464463778374573,0.0,0.0,0.010018009001828254,0.011230819934203051,0.004803490716795977,0.004350050772773062,0.20093719677521732,0.1981600265161481,0.1864575206378224,0.182459556875659,0.19394823094258684,0.1905286099026542,0.0010818058732143113,0.001148025599167024,0.010018009001828254,0.011230819934203051,0.004803490716795977,0.004350050772773062
54,2024-05-01 05:17,0.75,67,Gender_Pay_Gap,1,0,Demographic Parity,176735,75744,5,0.3218304,0.7418632,1.0834221,0.32263243,0.7415083,1.0953677,0.19984559077973046,0.5456813873878972,0.6173911737163582,0.5456813873878972,0.45437763830066125,0.5480302070130968,0.6155764847976396,0.5480302070130968,0.45766726729315416,0.8738619967748323,0.8738621466899057,0.8738619967748323,0.8738618881759244,0.8743926911702578,0.8743934864727981,0.8743926911702578,0.8743915030738921,0.9992927263982799,0.9992937268758363,0.9992927263982799,0.9992927267549142,0.9993398817068019,0.999340747163305,0.9993398817068019,0.9993398789452451,0.9180241604662348,0.9185785121431875,0.9180241604662348,0.9179946757455446,0.9169571187156739,0.9175138573098577,0.9169571187156739,0.916938742134588,0.7759413811638894,0.7761115629863867,0.7759413811638894,0.7759520351252538,0.7768536121673004,0.7771069511859044,0.7768536121673004,0.7768763740267388,0.6781961694061731,0.6786943763027357,0.6781961694061731,0.6781564636686735,0.6778754752851711,0.6784966109628884,0.6778754752851711,0.6778661467089034,0.0010818058732143113,0.001148025599167024,0.10587245623774566,0.10419926320425003,0.10587245623774566,0.10419926320425003,0.0,0.0,0.14036514873445793,0.1343819891056801,0.07107892788310477,0.06996164037481711,0.20093719677521732,0.1981600265161481,0.025348750641727702,0.02357702670391504,0.11711145386570748,0.11502405676419858,0.0010818058732143113,0.001148025599167024,0.14036514873445793,0.1343819891056801,0.07107892788310477,0.06996164037481711
55,2024-05-01 06:33,0.75,67,Gender_Pay_Gap,1,0,Demographic Parity,176735,75744,10,0.68491197,0.6943471,1.3793051,0.684896,0.6943511,1.3797622,0.19984559077973046,0.5071321469997454,0.505308605094718,0.5071321469997455,0.49201095250037263,0.5076045627376425,0.5047469858107716,0.5076045627376425,0.49170733955254453,0.7659603360964156,0.7800527886531982,0.7659603360964156,0.7629256508939074,0.7640737220109843,0.7780544421961649,0.7640737220109843,0.76128155915985,0.9992927263982799,0.9992937268758363,0.9992927263982799,0.9992927267549142,0.9993398817068019,0.999340747163305,0.9993398817068019,0.9993398789452451,0.820573174526834,0.8207351196301289,0.820573174526834,0.8205467936841838,0.8204082171525138,0.8205275329306164,0.8204082171525138,0.8204030977910247,0.7759413811638894,0.7761115629863867,0.7759413811638894,0.7759520351252538,0.7768536121673004,0.7771069511859044,0.7768536121673004,0.7768763740267388,0.5817976065861318,0.5826928767986266,0.5817976065861318,0.5814577740453903,0.5784352555978032,0.5797167384832862,0.5784352555978032,0.5780517366708461,0.0010818058732143113,0.001148025599167024,0.19642825514856682,0.19192519382460144,0.19642825514856682,0.19192519382460144,0.0,0.0,0.21306063736615732,0.20338422359385344,0.1225062478258594,0.11014126640442679,0.20093719677521732,0.1981600265161481,0.027375660542938274,0.027364260283447128,0.03458964118914459,0.03463987114669781,0.0010818058732143113,0.001148025599167024,0.21306063736615732,0.20338422359385344,0.1225062478258594,0.11014126640442679
56,2024-05-01 07:50,0.75,67,Gender_Pay_Gap,0,1,Demographic Parity,176794,75770,0,0.043454997,0.7470744,0.97899014,0.040430434,0.7472671,1.0371193,0.19617403905544728,0.5921128545086372,0.5936906239560008,0.5921128545086372,0.5902680594859482,0.592780783951432,0.5948886077019386,0.592780783951432,0.5908361518082533,0.9847562700091632,0.9851032069092763,0.9847562700091632,0.9847488905128343,0.9835291012273987,0.983909323866238,0.9835291012273987,0.9835219531741536,0.9999886873988937,0.9999886876492833,0.9999886873988937,0.9999886873960518,1.0,1.0,1.0,1.0,0.9921660237338371,0.9921703146705089,0.9921660237338371,0.992165732046278,0.9892833575293651,0.9892880223541308,0.9892833575293651,0.9892830393914573,0.7738837290858287,0.7740474691469855,0.7738837290858287,0.7738443878744445,0.7727068760723241,0.7730232426450415,0.7727068760723241,0.7726599679728516,0.6649716619342285,0.6650020525430735,0.6649716619342285,0.664949161504924,0.6649201530948924,0.6650049551091984,0.6649201530948924,0.6649006545092702,5.7925681350826886e-05,0.0,0.0036636213652557377,0.004995452731761335,0.0036636213652557377,0.004995452731761335,0.0,0.0,0.0010185836251248581,0.0014210605687213773,0.002455251747398468,0.002415089945465687,0.19529808524235037,0.20136834189351577,0.19016585313519918,0.19545889220357177,0.19155793578718833,0.19708035102592292,5.7925681350826886e-05,0.0,0.003124893495275567,0.0032057709786871627,0.002455251747398468,0.0025803627862956476
57,2024-05-01 09:07,0.75,67,Gender_Pay_Gap,0,1,Demographic Parity,176794,75770,5,0.30884552,0.7274333,1.0597396,0.30787098,0.7294149,1.1169972,0.19617403905544728,0.5707546636198061,0.6038472880267821,0.5707546636198061,0.5330318798619459,0.5672957634947868,0.5996435668842668,0.5672957634947868,0.5305975301097998,0.8722072016018643,0.874301683486453,0.8722072016018643,0.8721461154089846,0.8705424310413092,0.872634259457789,0.8705424310413092,0.8704508124717079,0.9999886873988937,0.9999886876492833,0.9999886873988937,0.9999886873960518,1.0,1.0,1.0,1.0,0.8787458850413475,0.8803657162145676,0.8787458850413475,0.8787130064717559,0.8768509964365844,0.8785208714383584,0.8768509964365844,0.8767903241873608,0.7738837290858287,0.7740474691469855,0.7738837290858287,0.7738443878744445,0.7727068760723241,0.7730232426450415,0.7727068760723241,0.7726599679728516,0.5983913481226738,0.5986276280157162,0.5983913481226738,0.5981066503789598,0.5962518147023889,0.5966123080324188,0.5962518147023889,0.5959967073649456,5.7925681350826886e-05,0.0,0.22980655757808677,0.23360287492805037,0.22980655757808677,0.23360287492805037,0.0,0.0,0.15720118067312439,0.16527318366109633,0.14397049493264247,0.14930702435214527,0.19529808524235037,0.20136834189351577,0.027534578871166837,0.02918423268075887,0.03695965175636584,0.039395723708521235,5.7925681350826886e-05,0.0,0.15720118067312439,0.16527318366109633,0.14397049493264247,0.14930702435214527
58,2024-05-01 10:23,0.75,67,Gender_Pay_Gap,0,1,Demographic Parity,176794,75770,10,0.69302595,0.6934081,1.3864341,0.69289786,0.69347733,1.3863755,0.19617403905544728,0.5128680837584986,0.5282554783174825,0.5128680837584986,0.4329413159087822,0.5101227398706613,0.5269271029534827,0.5101227398706613,0.42851093844528987,0.5110920053847982,0.26121503796825457,0.5110920053847982,0.34573015678385033,0.5082486472218556,0.25831668740284625,0.5082486472218556,0.34253859650881446,0.9999886873988937,0.9999886876492833,0.9999886873988937,0.9999886873960518,1.0,1.0,1.0,1.0,0.8297510096496488,0.8297527409483587,0.8297510096496488,0.829751834910131,0.8240332585455985,0.8240282991428532,0.8240332585455985,0.8240296922123546,0.7738837290858287,0.7740474691469855,0.7738837290858287,0.7738443878744445,0.7727068760723241,0.7730232426450415,0.7727068760723241,0.7726599679728516,0.6558367365408329,0.655838337255023,0.6558367365408329,0.6558332878207063,0.6567374950508117,0.6567665317991582,0.6567374950508117,0.6567348803490026,5.7925681350826886e-05,0.0,0.08109532608235759,0.08414817479221914,0.08109532608235759,0.08414817479221914,0.0,0.0,0.0,0.0,0.050723792961628544,0.055818250225393884,0.19529808524235037,0.20136834189351577,0.0,0.0,0.08951310210523178,0.08988966065261944,5.7925681350826886e-05,0.0,0.0,0.0,0.050723792961628544,0.055818250225393884
59,2024-05-01 11:25,0.75,67,Gender_Pay_Gap,1,1,Demographic Parity,144925,62111,0,0.030996272,0.7150033,0.75228745,0.028252104,0.7149562,0.8514354,0.0,0.572682421942384,0.5763890151539595,0.572682421942384,0.5675357613368033,0.5701727552285425,0.5735121454217079,0.5701727552285425,0.5648081167939416,0.9891254096946697,0.9891401021438792,0.9891254096946697,0.9891252957377209,0.9873452367535541,0.9873563334725609,0.9873452367535541,0.9873451789802438,0.9999861997584958,0.9999862001389717,0.9999861997584958,0.9999861997582893,1.0,1.0,1.0,1.0,0.9922856649991375,0.9922905984952796,0.9922856649991375,0.9922856324751709,0.9885366521228124,0.9885407706923691,0.9885366521228124,0.9885366358093106,0.7677005347593583,0.7683631004682678,0.7677005347593583,0.7675524202856446,0.7684146125485019,0.7691947770917712,0.7684146125485019,0.7682665716665966,0.6195066413662239,0.6195712335391508,0.6195066413662239,0.6194614127563348,0.6163320506834539,0.6163483741802294,0.6163320506834539,0.6162999451629733,5.531432364410764e-05,0.0,0.0051547743532905956,0.005708218878734657,0.0051547743532905956,0.005708218878734657,0.0,0.0,0.0016289274249786656,0.0012464783212714492,0.002041941246679113,0.0021512089201136675,0.0004491211798353101,0.0029152125529210426,0.001169788346799705,0.003934812432067392,0.0009476886142399943,0.0035526452260941643,5.531432364410764e-05,0.0,0.003148945902869361,0.0034310031289347988,0.0031128331066114824,0.0035570099586209897
60,2024-05-01 12:28,0.75,67,Gender_Pay_Gap,1,1,Demographic Parity,144925,62111,5,0.053221375,0.72654957,0.78285635,0.051358968,0.72712755,0.85096574,0.0,0.5608418147317578,0.5636407393330722,0.5608418147317578,0.5558422531066073,0.5596110189821448,0.5627925641999401,0.5596110189821448,0.5544585458868925,0.9810729687769536,0.9810868668948471,0.9810729687769536,0.9810727763918484,0.9794400347764486,0.9794589985078268,0.9794400347764486,0.9794398622597518,0.9999861997584958,0.9999862001389717,0.9999861997584958,0.9999861997582893,1.0,1.0,1.0,1.0,0.9833914093496636,0.9833985071928152,0.9833914093496636,0.9833913135985153,0.979923041007229,0.9799308540910125,0.979923041007229,0.9799229785556861,0.7677005347593583,0.7683631004682678,0.7677005347593583,0.7675524202856446,0.7684146125485019,0.7691947770917712,0.7684146125485019,0.7682665716665966,0.5752216663791616,0.5752214990366696,0.5752216663791616,0.5752214203287663,0.5722174816055127,0.5722263664069547,0.5722174816055127,0.5722163414504878,5.531432364410764e-05,0.0,0.007719290296347221,0.007192115940961679,0.007719290296347221,0.007192115940961679,0.0,0.0,0.006952360690502535,0.005940303580911688,0.0057939531758668394,0.005418158560979713,0.0004491211798353101,0.0029152125529210426,0.0045573676581336375,0.0016393238138174837,0.0034542118592666426,0.0007969917354346823,5.531432364410764e-05,0.0,0.006952360690502535,0.005940303580911688,0.0057939531758668394,0.005418158560979713
61,2024-05-01 13:31,0.75,67,Gender_Pay_Gap,1,1,Demographic Parity,144925,62111,10,0.69306654,0.69399226,1.3870597,0.6930662,0.6939851,1.3870709,0.0,0.5275970329480766,0.5276552573110402,0.5275970329480766,0.5274003910223838,0.5280224114891082,0.5280169830327986,0.5280224114891082,0.5278825070939718,0.6553182680696912,0.7801816776043031,0.6553182680696912,0.6119015199741819,0.6546827454074158,0.7787923544846537,0.6546827454074158,0.6115264450850385,0.9999861997584958,0.9999862001389717,0.9999861997584958,0.9999861997582893,1.0,1.0,1.0,1.0,0.8684077971364499,0.8684124121254805,0.8684077971364499,0.8684076631587108,0.8615704142583439,0.8615862018614499,0.8615704142583439,0.8615686453314674,0.7677005347593583,0.7683631004682678,0.7677005347593583,0.7675524202856446,0.7684146125485019,0.7691947770917712,0.7684146125485019,0.7682665716665966,0.6525444195273418,0.6527387323596692,0.6525444195273418,0.6524263398072927,0.646793643638003,0.6469873719487209,0.646793643638003,0.6467069546478319,5.531432364410764e-05,0.0,0.03683162750334605,0.03777705668609946,0.03683162750334605,0.03777705668609946,0.0,0.0,0.0069232959806645455,0.004710468440145776,0.026697857290070237,0.027072215046664017,0.0004491211798353101,0.0029152125529210426,0.00338675581969472,0.003558152053788066,0.018114099149169616,0.016776338529033763,5.531432364410764e-05,0.0,0.0069232959806645455,0.004710468440145776,0.026697857290070237,0.027072215046664017
