,Data,Dataset_name,Balance_Class,Balance_Sensitive,Fairness_cost_function,Dataset_training_size,Dataset_testing_size,Fairness_cost_multiplier,Dataset_fairness_Demographic_Parity,Report_DNN_Discriminator_Training_Accuracy,Report_DNN_Discriminator_Training_precision,Report_DNN_Discriminator_Training_recall,Report_DNN_Discriminator_Training_f1,Report_DNN_Discriminator_Testing_Accuracy,Report_DNN_Discriminator_Testing_precision,Report_DNN_Discriminator_Testing_recall,Report_DNN_Discriminator_Testing_f1,Report_Predictor_Training_Accuracy,Report_Predictor_Training_precision,Report_Predictor_Training_recall,Report_Predictor_Training_f1,Report_Predictor_Testing_Accuracy,Report_Predictor_Testing_precision,Report_Predictor_Testing_recall,Report_Predictor_Testing_f1,Report_Before_CatBoost_Prediction_Training_Accuracy,Report_Before_CatBoost_Prediction_Training_precision,Report_Before_CatBoost_Prediction_Training_recall,Report_Before_CatBoost_Prediction_Training_f1,Report_Before_CatBoost_Prediction_Testing_Accuracy,Report_Before_CatBoost_Prediction_Testing_precision,Report_Before_CatBoost_Prediction_Testing_recall,Report_Before_CatBoost_Prediction_Testing_f1,Report_After_CatBoost_Prediction_Training_Accuracy,Report_After_CatBoost_Prediction_Training_precision,Report_After_CatBoost_Prediction_Training_recall,Report_After_CatBoost_Prediction_Training_f1,Report_After_CatBoost_Prediction_Testing_Accuracy,Report_After_CatBoost_Prediction_Testing_precision,Report_After_CatBoost_Prediction_Testing_recall,Report_After_CatBoost_Prediction_Testing_f1,Report_Before_CatBoost_Sensitive_Training_Accuracy,Report_Before_CatBoost_Sensitive_Training_precision,Report_Before_CatBoost_Sensitive_Training_recall,Report_Before_CatBoost_Sensitive_Training_f1,Report_Before_CatBoost_Sensitive_Testing_Accuracy,Report_Before_CatBoost_Sensitive_Testing_precision,Report_Before_CatBoost_Sensitive_Testing_recall,Report_Before_CatBoost_Sensitive_Testing_f1,Report_After_CatBoost_Sensitive_Training_Accuracy,Report_After_CatBoost_Sensitive_Training_precision,Report_After_CatBoost_Sensitive_Training_recall,Report_After_CatBoost_Sensitive_Training_f1,Report_After_CatBoost_Sensitive_Testing_Accuracy,Report_After_CatBoost_Sensitive_Testing_precision,Report_After_CatBoost_Sensitive_Testing_recall,Report_After_CatBoost_Sensitive_Testing_f1,Fairness_Equal_Odd_Before_CatBoost_prediction_Training,Fairness_Equal_Odd_Before_CatBoost_prediction_Testing,Fairness_Equal_Odd_DNN_prediction_Training,Fairness_Equal_Odd_DNN_prediction_Testing,Fairness_Equal_Odd_After_CatBoost_prediction_Training,Fairness_Equal_Odd_After_CatBoost_prediction_Testing,Fairness_Equal_Opportunity_Before_CatBoost_prediction_Training,Fairness_Equal_Opportunity_Before_CatBoost_prediction_Testing,Fairness_Equal_Opportunity_DNN_prediction_Training,Fairness_Equal_Opportunity_DNN_prediction_Testing,Fairness_Equal_Opportunity_After_CatBoost_prediction_Training,Fairness_Equal_Opportunity_After_CatBoost_prediction_Testing,Fairness_Demographic_Parity_Before_CatBoost_prediction_Training,Fairness_Demographic_Parity_Before_CatBoost_prediction_Testing,Fairness_Demographic_Parity_DNN_prediction_Training,Fairness_Demographic_Parity_DNN_prediction_Testing,Fairness_Demographic_Parity_After_CatBoost_prediction_Training,Fairness_Demographic_Parity_After_CatBoost_prediction_Testing,Fairness_Treatment_Equality_Before_CatBoost_prediction_Training,Fairness_Treatment_Equality_Before_CatBoost_prediction_Testing,Fairness_Treatment_Equality_DNN_prediction_Training,Fairness_Treatment_Equality_DNN_prediction_Testing,Fairness_Treatment_Equality_After_CatBoost_prediction_Training,Fairness_Treatment_Equality_After_CatBoost_prediction_Testing
0,2024-03-11 07:09,COMPAS,0,0,Demographic Parity,42558,18240,1,0.10799973225927703,0.6422059307298276,0.4124284574645641,0.6422059307298276,0.502285918893586,0.6415570175438596,0.41159540675977224,0.6415570175438596,0.5014695223631184,1.0,1.0,1.0,1.0,0.9999451754385965,0.9999451798372296,0.9999451754385965,0.9999451741655576,1.0,1.0,1.0,1.0,1.0,1.0,1.0,1.0,1.0,1.0,1.0,1.0,0.9999451754385965,0.9999451798372296,0.9999451754385965,0.9999451741655576,0.6642699374970629,0.6522035131036389,0.6642699374970629,0.5925641413115866,0.656359649122807,0.6350739405735859,0.656359649122807,0.5818644894979048,0.6548475022322477,0.6389410436225248,0.6548475022322477,0.5645894590689645,0.65,0.6269529359033941,0.65,0.5542786822616669,0.0,0.0,0.0,0.00024283632831467727,0.0,0.00024283632831467727,0.0,0.0,0.0,0.00024283632831467727,0.0,0.00024283632831467727,0.11222001789142766,0.09815833381215244,0.11222001789142766,0.09807287833445627,0.11222001789142766,0.09807287833445627,0.0,0.0,0.0,0.00024283632831467727,0.0,0.00024283632831467727
1,2024-03-11 07:09,COMPAS,0,0,Demographic Parity,42558,18240,2,0.10799973225927703,0.6422059307298276,0.4124284574645641,0.6422059307298276,0.502285918893586,0.6415570175438596,0.41159540675977224,0.6415570175438596,0.5014695223631184,1.0,1.0,1.0,1.0,0.9997807017543859,0.9997807721155781,0.9997807017543859,0.9997806813737841,1.0,1.0,1.0,1.0,1.0,1.0,1.0,1.0,1.0,1.0,1.0,1.0,1.0,1.0,1.0,1.0,0.6642699374970629,0.6522035131036389,0.6642699374970629,0.5925641413115866,0.656359649122807,0.6350739405735859,0.656359649122807,0.5818644894979048,0.6438272475210302,0.6247466365825214,0.6438272475210302,0.5125531372879057,0.6433662280701754,0.6280758838659581,0.6433662280701754,0.5119923205046899,0.0,0.0,0.0,0.0,0.0,0.0,0.0,0.0,0.0,0.00012573623027267722,0.0,0.0,0.11222001789142766,0.09815833381215244,0.11222001789142766,0.09805491935214444,0.11222001789142766,0.09815833381215244,0.0,0.0,0.0,0.00012573623027267722,0.0,0.0
2,2024-03-11 07:09,COMPAS,0,0,Demographic Parity,42558,18240,4,0.10799973225927703,0.6422059307298276,0.4124284574645641,0.6422059307298276,0.502285918893586,0.6415570175438596,0.41159540675977224,0.6415570175438596,0.5014695223631184,0.9999765026552,0.9999765034647553,0.9999765026552,0.9999765024235334,0.9999451754385965,0.9999451798372296,0.9999451754385965,0.9999451741655576,1.0,1.0,1.0,1.0,1.0,1.0,1.0,1.0,1.0,1.0,1.0,1.0,1.0,1.0,1.0,1.0,0.6642699374970629,0.6522035131036389,0.6642699374970629,0.5925641413115866,0.656359649122807,0.6350739405735859,0.656359649122807,0.5818644894979048,0.6544245500258471,0.6358931460136795,0.6544245500258471,0.5662701712872514,0.6506578947368421,0.6268735970009478,0.6506578947368421,0.5590941937252615,0.0,0.0,0.0,0.0,0.0,0.0,0.0,0.0,0.00010215548064151925,0.00024283632831467727,0.0,0.0,0.11222001789142766,0.09815833381215244,0.11218342940216636,0.09807287833445627,0.11222001789142766,0.09815833381215244,0.0,0.0,0.00010215548064151925,0.00024283632831467727,0.0,0.0
3,2024-03-11 07:09,COMPAS,0,0,Demographic Parity,42558,18240,8,0.10799973225927703,0.654354057991447,0.6385768275265054,0.654354057991447,0.5624307848923397,0.6500548245614035,0.6264237128342101,0.6500548245614035,0.5555164822729556,0.9990131115183984,0.9990130404846106,0.9990131115183984,0.9990130531138193,0.9985745614035088,0.998575207445802,0.9985745614035088,0.9985747597252628,1.0,1.0,1.0,1.0,1.0,1.0,1.0,1.0,0.9999295079655999,0.9999295106280751,0.9999295079655999,0.9999295086604826,0.9992324561403508,0.9992331844746472,0.9992324561403508,0.9992325984693703,0.6642699374970629,0.6522035131036389,0.6642699374970629,0.5925641413115866,0.656359649122807,0.6350739405735859,0.656359649122807,0.5818644894979048,0.6546125287842474,0.6402796384154867,0.6546125287842474,0.5618563053294089,0.6507127192982456,0.6296433312388073,0.6507127192982456,0.5550797464203665,0.0,0.0,0.000276341162578464,0.0016358030541618268,0.000276341162578464,0.0016358030541618268,0.0,0.0,0.002451731535396906,0.002428363283147106,0.00010215548064151925,0.0007285089849441428,0.11222001789142766,0.09815833381215244,0.11077335126847715,0.09628699217056336,0.1120520837661251,0.09717312547828538,0.0,0.0,0.002451731535396906,0.002428363283147106,0.00017418568193694478,0.0009072940692176841
4,2024-03-11 07:46,COMPAS,1,0,Demographic Parity,27035,11587,1,0.12615581561518646,0.6636582208248567,0.4404422340684142,0.6636582208248567,0.5294864396486906,0.662811771813239,0.4393194448542052,0.662811771813239,0.5284055024161182,0.999963010911781,0.9999630136395898,0.999963010911781,0.9999630109075298,0.9999136963838785,0.9999137111720238,0.9999136963838785,0.9999136963298791,1.0,1.0,1.0,1.0,1.0,1.0,1.0,1.0,1.0,1.0,1.0,1.0,0.999827392767757,0.999827392767757,0.999827392767757,0.999827392767757,0.6810430922877752,0.6620228272844985,0.6810430922877752,0.6068537914555553,0.6802451022697851,0.6606293743373837,0.6802451022697851,0.6071547222087101,0.666136489735528,0.6539977039310004,0.666136489735528,0.5414281701203574,0.665659791145249,0.6552579337136316,0.665659791145249,0.541736931223666,0.0,0.0,0.0,0.0009031075617584095,0.0,0.0009031075617584095,0.0,0.0,0.0002641310089804838,0.0,0.0,0.0006150061500614923,0.12370933416782204,0.13187078081008452,0.12381930887363968,0.13200098914341785,0.12370933416782204,0.1322569400008532,0.0,0.0,0.0002641310089804838,0.0002881014116969173,0.0,0.0006150061500614923
5,2024-03-11 07:46,COMPAS,1,0,Demographic Parity,27035,11587,2,0.12615581561518646,0.6636582208248567,0.4404422340684142,0.6636582208248567,0.5294864396486906,0.662811771813239,0.4393194448542052,0.662811771813239,0.5284055024161182,1.0,1.0,1.0,1.0,0.9997410891516354,0.9997412241181941,0.9997410891516354,0.9997410896144855,1.0,1.0,1.0,1.0,1.0,1.0,1.0,1.0,1.0,1.0,1.0,1.0,0.9997410891516354,0.9997412241181941,0.9997410891516354,0.9997410896144855,0.6810430922877752,0.6620228272844985,0.6810430922877752,0.6068537914555553,0.6802451022697851,0.6606293743373837,0.6802451022697851,0.6071547222087101,0.6658775661179952,0.6649372328447788,0.6658775661179952,0.5386705867328601,0.6641063260550617,0.6403264247663943,0.6641063260550617,0.536473129839907,0.0,0.0,0.0,0.0007127583749109156,0.0,0.0007127583749109156,0.0,0.0,0.0,0.0007127583749109156,0.0,0.0007127583749109156,0.12370933416782204,0.13187078081008452,0.12370933416782204,0.13148015581008443,0.12370933416782204,0.13148015581008443,0.0,0.0,0.0,0.0007127583749109156,0.0,0.0007127583749109156
6,2024-03-11 07:46,COMPAS,1,0,Demographic Parity,27035,11587,4,0.12615581561518646,0.6636582208248567,0.4404422340684142,0.6636582208248567,0.5294864396486906,0.662811771813239,0.4393194448542052,0.662811771813239,0.5284055024161182,0.9995931200295912,0.9995933406678168,0.9995931200295912,0.9995931195686465,0.9991369638387848,0.9991379241460974,0.9991369638387848,0.999136967695845,1.0,1.0,1.0,1.0,1.0,1.0,1.0,1.0,1.0,1.0,1.0,1.0,0.999827392767757,0.9998274519102042,0.999827392767757,0.9998273925491875,0.6810430922877752,0.6620228272844985,0.6810430922877752,0.6068537914555553,0.6802451022697851,0.6606293743373837,0.6802451022697851,0.6071547222087101,0.6693915294987979,0.6514418556075952,0.6693915294987979,0.558628033613865,0.668680417709502,0.6527240190671186,0.668680417709502,0.5572224488130954,0.0,0.0,0.0,0.0005762028233938346,0.0,0.0005762028233938346,0.0,0.0,0.000664661560679014,0.00043309057466911494,0.0,0.0,0.12370933416782204,0.13187078081008452,0.12337342770097215,0.1316014325249552,0.12370933416782204,0.13213119747675117,0.0,0.0,0.000664661560679014,0.00043309057466911494,0.0,0.0005762028233938346
7,2024-03-11 07:46,COMPAS,1,0,Demographic Parity,27035,11587,8,0.12615581561518646,0.6636582208248567,0.4404422340684142,0.6636582208248567,0.5294864396486906,0.6628980754293605,0.7765455911701613,0.6628980754293605,0.5286054923208514,0.9880525245052709,0.9883236553155758,0.9880525245052709,0.9880504278058646,0.9894709588331752,0.9896896416766127,0.9894709588331752,0.9894705856894289,1.0,1.0,1.0,1.0,1.0,1.0,1.0,1.0,0.9988533382652117,0.9988536657487191,0.9988533382652117,0.998853336642997,0.997497195132476,0.997499740351219,0.997497195132476,0.9974972120970211,0.6810430922877752,0.6620228272844985,0.6810430922877752,0.6068537914555553,0.6802451022697851,0.6606293743373837,0.6802451022697851,0.6071547222087101,0.6636582208248567,0.4404422340684142,0.6636582208248567,0.5294864396486906,0.662811771813239,0.4393194448542052,0.662811771813239,0.5284055024161182,0.0,0.0,0.0025034208195343385,0.0070435310530648845,0.0025034208195343385,0.0070435310530648845,0.0,0.0,0.014025765448393068,0.009375884920645339,0.0021671826625386803,0.0049893086243762985,0.12370933416782204,0.13187078081008452,0.11454673473256322,0.12486702553109802,0.12226769829339879,0.12786111733213884,0.0,0.0,0.014025765448393068,0.009375884920645339,0.0021671826625386803,0.0049893086243762985
8,2024-03-11 08:09,COMPAS,0,1,Demographic Parity,30478,13062,1,0.10941662838768945,0.5579106240566967,0.5681932576629775,0.5579106240566967,0.541088825966557,0.5509110396570204,0.5590415556569801,0.5509110396570204,0.5335685680060596,1.0,1.0,1.0,1.0,1.0,1.0,1.0,1.0,1.0,1.0,1.0,1.0,1.0,1.0,1.0,1.0,1.0,1.0,1.0,1.0,1.0,1.0,1.0,1.0,0.6092591377386968,0.6142339996149506,0.6092591377386968,0.6051029916041071,0.6018986372684122,0.6055106768852307,0.6018986372684122,0.5981232325859291,0.6025329746046328,0.60350891469763,0.6025329746046328,0.601666089769432,0.5882713213902925,0.5888251584467236,0.5882713213902925,0.5874474917406972,0.0,0.0,0.0,0.0,0.0,0.0,0.0,0.0,0.0,0.0,0.0,0.0,0.11396789691570419,0.09879182185984425,0.11396789691570419,0.09879182185984425,0.11396789691570419,0.09879182185984425,0.0,0.0,0.0,0.0,0.0,0.0
9,2024-03-11 08:09,COMPAS,0,1,Demographic Parity,30478,13062,2,0.10941662838768945,0.5586652667497868,0.5681947154779365,0.5586652667497868,0.5431636456328016,0.5535905680600214,0.5614202494528404,0.5535905680600214,0.5376737882487088,1.0,1.0,1.0,1.0,1.0,1.0,1.0,1.0,1.0,1.0,1.0,1.0,1.0,1.0,1.0,1.0,1.0,1.0,1.0,1.0,0.9999234420456286,0.9999234504789788,0.9999234420456286,0.9999234393505965,0.6092591377386968,0.6142339996149506,0.6092591377386968,0.6051029916041071,0.6018986372684122,0.6055106768852307,0.6018986372684122,0.5981232325859291,0.5930179145613229,0.5967293410409693,0.5930179145613229,0.5892378641953424,0.5813045475424896,0.5840618621119649,0.5813045475424896,0.5774157524570379,0.0,0.0,0.0,0.0004330879168471524,0.0,0.0004330879168471524,0.0,0.0,0.0,0.0,0.0,0.0004330879168471524,0.11396789691570419,0.09879182185984425,0.11396789691570419,0.09879182185984425,0.11396789691570419,0.09863823562117124,0.0,0.0,0.0,0.0,0.0,0.0004330879168471524
10,2024-03-11 08:09,COMPAS,0,1,Demographic Parity,30478,13062,4,0.10941662838768945,0.5598792571691056,0.5701274353553311,0.5598792571691056,0.5436637339491638,0.5523656407900781,0.56046730125663,0.5523656407900781,0.5355746330832094,0.9998359472406326,0.9998360351009364,0.9998359472406326,0.9998359595132803,0.9998468840912571,0.9998469608988361,0.9998468840912571,0.9998468948627603,1.0,1.0,1.0,1.0,1.0,1.0,1.0,1.0,1.0,1.0,1.0,1.0,0.9999234420456286,0.9999234612523406,0.9999234420456286,0.9999234447392229,0.6092591377386968,0.6142339996149506,0.6092591377386968,0.6051029916041071,0.6018986372684122,0.6055106768852307,0.6018986372684122,0.5981232325859291,0.5699520965942647,0.5769540693389913,0.5699520965942647,0.5602699034519343,0.5551982851018221,0.5603409717466193,0.5551982851018221,0.5445157006850972,0.0,0.0,0.0,0.00020512820512820512,0.0,0.00020512820512820512,0.0,0.0,0.0,0.0,0.0,0.0,0.11396789691570419,0.09879182185984425,0.11363936021815507,0.09848652495860782,0.11396789691570419,0.09863917340922601,0.0,0.0,0.00043752187609380467,0.00041025641025641023,0.0,0.00020512820512820512
11,2024-03-11 08:09,COMPAS,0,1,Demographic Parity,30478,13062,8,0.10941662838768945,0.5650961349169893,0.5708444094990632,0.5650961349169893,0.5557469732874818,0.5624712907671107,0.5689760698555782,0.5624712907671107,0.5527630855244716,0.9996718944812651,0.9996722457343631,0.9996718944812651,0.9996719435437355,0.9998468840912571,0.9998469608988361,0.9998468840912571,0.9998468948627603,1.0,1.0,1.0,1.0,1.0,1.0,1.0,1.0,0.9999015683443796,0.9999015738245968,0.9999015683443796,0.9999015698177725,0.9998468840912571,0.9998469608988361,0.9998468840912571,0.9998468948627603,0.6092591377386968,0.6142339996149506,0.6092591377386968,0.6051029916041071,0.6018986372684122,0.6055106768852307,0.6018986372684122,0.5981232325859291,0.5823216746505676,0.5859945119976123,0.5823216746505676,0.5780072611220317,0.5717348032460573,0.5748798023064107,0.5717348032460573,0.5666413276843986,0.0,0.0,0.00043879139353963914,0.00041025641025641023,0.00043879139353963914,0.00041025641025641023,0.0,0.0,0.0,0.0,0.0002637826431021173,0.0,0.11396789691570419,0.09879182185984425,0.11344206595415868,0.09848652495860782,0.11390218957619438,0.09848652495860782,0.0,0.0,0.000684648133013709,0.00041025641025641023,0.0002637826431021173,0.00041025641025641023
12,2024-03-11 08:38,COMPAS,0,0,Demographic Parity,42558,18240,1,0.10799973225927703,0.6407725926970252,0.4105895155516678,0.6407725926970252,0.5004831472431654,0.6449013157894737,0.4158977071069945,0.6449013157894737,0.5056810437377316,1.0,1.0,1.0,1.0,1.0,1.0,1.0,1.0,1.0,1.0,1.0,1.0,1.0,1.0,1.0,1.0,1.0,1.0,1.0,1.0,1.0,1.0,1.0,1.0,0.6598759340194558,0.6478468471509803,0.6598759340194558,0.581859874905727,0.6655153508771929,0.6534305529559719,0.6655153508771929,0.5905475039705286,0.6412190422482259,0.6272393901204276,0.6412190422482259,0.5030864295681459,0.6453399122807018,0.6311626668411222,0.6453399122807018,0.5081838868175439,0.0,0.0,0.0,0.0,0.0,0.0,0.0,0.0,0.0,0.0,0.0,0.0,0.10826714539585824,0.1073747425660185,0.10826714539585824,0.1073747425660185,0.10826714539585824,0.1073747425660185,0.0,0.0,0.0,0.0,0.0,0.0
13,2024-03-11 08:38,COMPAS,0,0,Demographic Parity,42558,18240,2,0.10799973225927703,0.6407725926970252,0.4105895155516678,0.6407725926970252,0.5004831472431654,0.6449013157894737,0.4158977071069945,0.6449013157894737,0.5056810437377316,1.0,1.0,1.0,1.0,0.9999451754385965,0.9999451798442989,0.9999451754385965,0.9999451741755118,1.0,1.0,1.0,1.0,1.0,1.0,1.0,1.0,1.0,1.0,1.0,1.0,1.0,1.0,1.0,1.0,0.6598759340194558,0.6478468471509803,0.6598759340194558,0.581859874905727,0.6655153508771929,0.6534305529559719,0.6655153508771929,0.5905475039705286,0.6408900794210254,0.6593506279424459,0.6408900794210254,0.5009255080625443,0.6448464912280701,0.5342616261619668,0.6448464912280701,0.5057552233593243,0.0,0.0,0.0,0.0,0.0,0.0,0.0,0.0,0.0,0.0006211180124223725,0.0,0.0,0.10826714539585824,0.1073747425660185,0.10826714539585824,0.10752913503166617,0.10826714539585824,0.1073747425660185,0.0,0.0,0.0,0.0006211180124223725,0.0,0.0
14,2024-03-11 08:38,COMPAS,0,0,Demographic Parity,42558,18240,4,0.10799973225927703,0.6407725926970252,0.4105895155516678,0.6407725926970252,0.5004831472431654,0.6449013157894737,0.4158977071069945,0.6449013157894737,0.5056810437377316,1.0,1.0,1.0,1.0,1.0,1.0,1.0,1.0,1.0,1.0,1.0,1.0,1.0,1.0,1.0,1.0,1.0,1.0,1.0,1.0,1.0,1.0,1.0,1.0,0.6598759340194558,0.6478468471509803,0.6598759340194558,0.581859874905727,0.6655153508771929,0.6534305529559719,0.6655153508771929,0.5905475039705286,0.6408195873866254,0.7698362192883089,0.6408195873866254,0.5005914594797205,0.6449013157894737,0.4158977071069945,0.6449013157894737,0.5056810437377316,0.0,0.0,0.0,0.0,0.0,0.0,0.0,0.0,0.0,0.0,0.0,0.0,0.10826714539585824,0.1073747425660185,0.10826714539585824,0.1073747425660185,0.10826714539585824,0.1073747425660185,0.0,0.0,0.0,0.0,0.0,0.0
15,2024-03-11 08:38,COMPAS,0,0,Demographic Parity,42558,18240,8,0.10799973225927703,0.6407725926970252,0.4105895155516678,0.6407725926970252,0.5004831472431654,0.6449013157894737,0.4158977071069945,0.6449013157894737,0.5056810437377316,0.9991305982423986,0.9991306612791228,0.9991305982423986,0.9991306240354793,0.9996162280701755,0.9996163434151197,0.9996162280701755,0.999616254574108,1.0,1.0,1.0,1.0,1.0,1.0,1.0,1.0,0.9996240424831994,0.9996241329133843,0.9996240424831994,0.9996240647850955,0.999671052631579,0.9996713927460389,0.999671052631579,0.9996710980401025,0.6598759340194558,0.6478468471509803,0.6598759340194558,0.581859874905727,0.6655153508771929,0.6534305529559719,0.6655153508771929,0.5905475039705286,0.6489966633770384,0.6319998959989167,0.6489966633770384,0.5451350633212514,0.6527960526315789,0.6327725804322857,0.6527960526315789,0.5506589326987557,0.0,0.0,0.0010394784335778099,0.0008953311192829584,0.0010394784335778099,0.0008953311192829584,0.0,0.0,0.0017489711934156604,0.0004776689754000252,0.0005144032921811093,0.0,0.10826714539585824,0.1073747425660185,0.10705010192280348,0.10667216037664043,0.10767051849088624,0.10668779256456754,0.0,0.0,0.0017489711934156604,0.0006898657401993339,0.0005250751413967005,0.0008953311192829584
16,2024-03-11 09:15,COMPAS,1,0,Demographic Parity,27035,11587,1,0.12858385946950923,0.6624005918254116,0.43885601300607113,0.6624005918254116,0.5279395945794949,0.6695434538707172,0.44828843662112927,0.6695434538707172,0.5370191899849082,1.0,1.0,1.0,1.0,1.0,1.0,1.0,1.0,1.0,1.0,1.0,1.0,1.0,1.0,1.0,1.0,1.0,1.0,1.0,1.0,1.0,1.0,1.0,1.0,0.6804512668762716,0.6639579490086964,0.6804512668762716,0.6042630821861511,0.6824889962889445,0.6564286367954157,0.6824889962889445,0.6067907364324657,0.6666173478823747,0.6567871610887499,0.6666173478823747,0.546880923961006,0.6722188659704842,0.6494209542554825,0.6722188659704842,0.5523138962104293,0.0,0.0,0.0,0.0,0.0,0.0,0.0,0.0,0.0,0.0,0.0,0.0,0.12761665251676957,0.1305250004864439,0.12761665251676957,0.1305250004864439,0.12761665251676957,0.1305250004864439,0.0,0.0,0.0,0.0,0.0,0.0
17,2024-03-11 09:15,COMPAS,1,0,Demographic Parity,27035,11587,2,0.12858385946950923,0.6624745700018495,0.4388725558991354,0.6624745700018495,0.527975060573284,0.6695434538707172,0.44828843662112927,0.6695434538707172,0.5370191899849082,0.999889032735343,0.9998890575973142,0.999889032735343,0.999889032852866,0.9997410891516354,0.9997411030410552,0.9997410891516354,0.9997410886461233,1.0,1.0,1.0,1.0,1.0,1.0,1.0,1.0,0.999926021823562,0.9999260328741522,0.999926021823562,0.9999260218759969,0.9997410891516354,0.9997411030410552,0.9997410891516354,0.9997410886461233,0.6804512668762716,0.6639579490086964,0.6804512668762716,0.6042630821861511,0.6824889962889445,0.6564286367954157,0.6824889962889445,0.6067907364324657,0.6628814499722582,0.7506211121338194,0.6628814499722582,0.5289848048546516,0.6699749719513247,0.7789385108270055,0.6699749719513247,0.538019937041174,0.0,0.0,6.502374535873905e-05,0.0011391223825111853,6.502374535873905e-05,0.0011391223825111853,0.0,0.0,0.0,0.00023250406882124874,0.0,0.00023250406882124874,0.12761665251676957,0.1305250004864439,0.12745330916377934,0.12987377169564757,0.1275628982048752,0.12987377169564757,0.0,0.0,0.00025096647499801015,0.0009066183136899365,6.502374535873905e-05,0.0009066183136899365
18,2024-03-11 09:15,COMPAS,1,0,Demographic Parity,27035,11587,4,0.12858385946950923,0.6624745700018495,0.4388725558991354,0.6624745700018495,0.527975060573284,0.6695434538707172,0.44828843662112927,0.6695434538707172,0.5370191899849082,1.0,1.0,1.0,1.0,0.9999136963838785,0.9999137109498898,0.9999136963838785,0.9999136962153745,1.0,1.0,1.0,1.0,1.0,1.0,1.0,1.0,1.0,1.0,1.0,1.0,0.9999136963838785,0.9999137109498898,0.9999136963838785,0.9999136962153745,0.6804512668762716,0.6639579490086964,0.6804512668762716,0.6042630821861511,0.6824889962889445,0.6564286367954157,0.6824889962889445,0.6067907364324657,0.6625115590900684,0.7764142199934573,0.6625115590900684,0.528060778041521,0.6695434538707172,0.44828843662112927,0.6695434538707172,0.5370191899849082,0.0,0.0,0.0,0.0002892681515765114,0.0,0.0002892681515765114,0.0,0.0,0.0,0.0,0.0,0.0,0.12761665251676957,0.1305250004864439,0.12761665251676957,0.13065389968726882,0.12761665251676957,0.13065389968726882,0.0,0.0,0.0,0.0002892681515765114,0.0,0.0002892681515765114
19,2024-03-11 09:15,COMPAS,1,0,Demographic Parity,27035,11587,8,0.12858385946950923,0.6624005918254116,0.43885601300607113,0.6624005918254116,0.5279395945794949,0.6695434538707172,0.44828843662112927,0.6695434538707172,0.5370191899849082,0.8188644349916775,0.8661967218730842,0.8188644349916775,0.8124269753263059,0.810995080693881,0.8634852251946297,0.810995080693881,0.8049029764002688,1.0,1.0,1.0,1.0,1.0,1.0,1.0,1.0,0.9965600147956353,0.9965600318848565,0.9965600147956353,0.9965600110676822,0.9971519806679899,0.997152080807683,0.9971519806679899,0.9971519638586135,0.6804512668762716,0.6639579490086964,0.6804512668762716,0.6042630821861511,0.6824889962889445,0.6564286367954157,0.6824889962889445,0.6067907364324657,0.6625855372665064,0.7089495735273078,0.6625855372665064,0.5283000708180738,0.6695434538707172,0.6135559108287165,0.6695434538707172,0.5373366362497286,0.0,0.0,0.004192674655255948,0.0008267647153748551,0.004192674655255948,0.0008267647153748551,0.0,0.0,0.01318781166011651,0.00971445835791962,0.003496794669483827,9.29729763802234e-05,0.12761665251676957,0.1305250004864439,0.0744434195329769,0.07771891302390926,0.12480236800440558,0.12935144210567628,0.0,0.0,0.01318781166011651,0.00971445835791962,0.003496794669483827,0.0007337917389946317
20,2024-03-11 09:38,COMPAS,0,1,Demographic Parity,30471,13059,1,0.10720741107585641,0.5433691050507039,0.5450681059019464,0.5433691050507039,0.5400427334535689,0.5356459146948465,0.535901643354509,0.5356459146948465,0.5323736272512286,1.0,1.0,1.0,1.0,0.9997702733746842,0.999770349493513,0.9997702733746842,0.9997702494036836,1.0,1.0,1.0,1.0,1.0,1.0,1.0,1.0,1.0,1.0,1.0,1.0,0.9995405467493682,0.9995408511238305,0.9995405467493682,0.9995404507883279,0.6055593843326441,0.6120599972213966,0.6055593843326441,0.6002915165598278,0.6005819741174668,0.6050524481990622,0.6005819741174668,0.595131410624692,0.5951232319254373,0.5954992203762213,0.5951232319254373,0.5948679882375625,0.5794471245884064,0.579403994301908,0.5794471245884064,0.5793531159767097,0.0,0.0,0.0,0.0016026264164983317,0.0,0.0016026264164983317,0.0,0.0,0.0,0.0002920104269833468,0.0,0.0016026264164983317,0.11347442413683881,0.09270880501598555,0.11347442413683881,0.09255159570964494,0.11347442413683881,0.09208806048096757,0.0,0.0,0.0,0.0002920104269833468,0.0,0.0016026264164983317
21,2024-03-11 09:38,COMPAS,0,1,Demographic Parity,30471,13059,2,0.10720741107585641,0.5557743428177612,0.567398718806333,0.5557743428177612,0.5374449272382364,0.5477448502948158,0.5539692154250482,0.5477448502948158,0.5302087478093054,1.0,1.0,1.0,1.0,0.9997702733746842,0.999770349493513,0.9997702733746842,0.9997702494036836,1.0,1.0,1.0,1.0,1.0,1.0,1.0,1.0,1.0,1.0,1.0,1.0,1.0,1.0,1.0,1.0,0.6055593843326441,0.6120599972213966,0.6055593843326441,0.6002915165598278,0.6005819741174668,0.6050524481990622,0.6005819741174668,0.595131410624692,0.5900692461684881,0.5942354909368385,0.5900692461684881,0.5860399631361748,0.5785282180871429,0.5808475203827091,0.5785282180871429,0.5741717958800137,0.0,0.0,0.0,0.0,0.0,0.0,0.0,0.0,0.0,0.0002920104269833468,0.0,0.0,0.11347442413683881,0.09270880501598555,0.11347442413683881,0.09255159570964494,0.11347442413683881,0.09270880501598555,0.0,0.0,0.0,0.0002920104269833468,0.0,0.0
22,2024-03-11 09:38,COMPAS,0,1,Demographic Parity,30471,13059,4,0.10720741107585641,0.5592202421974992,0.5707731946061104,0.5592202421974992,0.5420221068890219,0.5505015697986063,0.5567824413015549,0.5505015697986063,0.5339233268487726,1.0,1.0,1.0,1.0,0.9997702733746842,0.999770349493513,0.9997702733746842,0.9997702494036836,1.0,1.0,1.0,1.0,1.0,1.0,1.0,1.0,1.0,1.0,1.0,1.0,0.9997702733746842,0.999770349493513,0.9997702733746842,0.9997702494036836,0.6055593843326441,0.6120599972213966,0.6055593843326441,0.6002915165598278,0.6005819741174668,0.6050524481990622,0.6005819741174668,0.595131410624692,0.573561747235076,0.5784822822764117,0.573561747235076,0.5675758004157542,0.5612221456466805,0.5635765118002909,0.5612221456466805,0.5551539338774804,0.0,0.0,0.0,0.0002920104269833468,0.0,0.0002920104269833468,0.0,0.0,0.0,0.0002920104269833468,0.0,0.0002920104269833468,0.11347442413683881,0.09270880501598555,0.11347442413683881,0.09255159570964494,0.11347442413683881,0.09255159570964494,0.0,0.0,0.0,0.0002920104269833468,0.0,0.0002920104269833468
23,2024-03-11 09:38,COMPAS,0,1,Demographic Parity,30471,13059,8,0.10720741107585641,0.4979816875061534,0.5240822358163397,0.4979816875061534,0.33169013174678963,0.5042499425683437,0.4195838278580413,0.5042499425683437,0.3384410047709272,0.9992780020347215,0.9992781008768936,0.9992780020347215,0.9992778671180964,0.9995405467493682,0.9995406393845978,0.9995405467493682,0.9995404828095837,1.0,1.0,1.0,1.0,1.0,1.0,1.0,1.0,0.9997046371960224,0.9997047618976802,0.9997046371960224,0.9997045958152296,0.999846848916456,0.9998468827507836,0.999846848916456,0.9998468382655303,0.6055593843326441,0.6120599972213966,0.6055593843326441,0.6002915165598278,0.6005819741174668,0.6050524481990622,0.6005819741174668,0.595131410624692,0.5789767319746645,0.5789975789425189,0.5789767319746645,0.578849932349698,0.5607626923960487,0.5612680616542626,0.5607626923960487,0.5604288278624935,0.0,0.0,0.0016468435498627754,0.000873743993010101,0.0016468435498627754,0.000873743993010101,0.0,0.0,0.003110704483074156,0.002184359982525086,0.0016468435498627754,0.000873743993010101,0.11347442413683881,0.09270880501598555,0.11203368595694571,0.09178443212207887,0.11288615039345687,0.09239978153020062,0.0,0.0,0.003110704483074156,0.002184359982525086,0.0016468435498627754,0.000873743993010101
24,2024-03-11 10:06,COMPAS,0,0,Demographic Parity,42558,18240,1,0.10799973225927703,0.6403026458010245,0.40998747821979226,0.6403026458010245,0.4998924793169241,0.6459978070175438,0.41731316667147583,0.6459978070175438,0.507064061558653,1.0,1.0,1.0,1.0,0.999890350877193,0.9998903685425906,0.999890350877193,0.9998903458851868,1.0,1.0,1.0,1.0,1.0,1.0,1.0,1.0,1.0,1.0,1.0,1.0,1.0,1.0,1.0,1.0,0.6594999765026552,0.6474625604676524,0.6594999765026552,0.5817505760322413,0.6648574561403509,0.652746198869996,0.6648574561403509,0.5860028668779229,0.646247474035434,0.6235023153639607,0.646247474035434,0.5386806314479483,0.6501644736842105,0.6181942971191015,0.6501644736842105,0.5447442372333549,0.0,0.0,0.0,0.0,0.0,0.0,0.0,0.0,0.0,0.0004757373929591413,0.0,0.0,0.10914368453983408,0.10527520985647865,0.10914368453983408,0.10510547379605262,0.10914368453983408,0.10527520985647865,0.0,0.0,0.0,0.0004757373929591413,0.0,0.0
25,2024-03-11 10:06,COMPAS,0,0,Demographic Parity,42558,18240,2,0.10799973225927703,0.6403026458010245,0.40998747821979226,0.6403026458010245,0.4998924793169241,0.6459978070175438,0.41731316667147583,0.6459978070175438,0.507064061558653,1.0,1.0,1.0,1.0,0.9999451754385965,0.9999451798553018,0.9999451754385965,0.9999451741908412,1.0,1.0,1.0,1.0,1.0,1.0,1.0,1.0,1.0,1.0,1.0,1.0,0.9999451754385965,0.9999451798553018,0.9999451754385965,0.9999451741908412,0.6594999765026552,0.6474625604676524,0.6594999765026552,0.5817505760322413,0.6648574561403509,0.652746198869996,0.6648574561403509,0.5860028668779229,0.6419474599370271,0.6261042243959848,0.6419474599370271,0.5096817265600763,0.6464912280701754,0.6056846301242196,0.6464912280701754,0.5152230577355054,0.0,0.0,0.0,0.00023786869647957065,0.0,0.00023786869647957065,0.0,0.0,0.0,0.00023786869647957065,0.0,0.00023786869647957065,0.10914368453983408,0.10527520985647865,0.10914368453983408,0.10519034182626563,0.10914368453983408,0.10519034182626563,0.0,0.0,0.0,0.00023786869647957065,0.0,0.00023786869647957065
26,2024-03-11 10:06,COMPAS,0,0,Demographic Parity,42558,18240,4,0.10799973225927703,0.6403026458010245,0.40998747821979226,0.6403026458010245,0.4998924793169241,0.6459978070175438,0.41731316667147583,0.6459978070175438,0.507064061558653,1.0,1.0,1.0,1.0,1.0,1.0,1.0,1.0,1.0,1.0,1.0,1.0,1.0,1.0,1.0,1.0,1.0,1.0,1.0,1.0,1.0,1.0,1.0,1.0,0.6594999765026552,0.6474625604676524,0.6594999765026552,0.5817505760322413,0.6648574561403509,0.652746198869996,0.6648574561403509,0.5860028668779229,0.641266036937826,0.6027222936298017,0.641266036937826,0.5147422688565495,0.6466557017543859,0.603630099432254,0.6466557017543859,0.5212690421510725,0.0,0.0,0.0,0.0,0.0,0.0,0.0,0.0,0.0,0.0,0.0,0.0,0.10914368453983408,0.10527520985647865,0.10914368453983408,0.10527520985647865,0.10914368453983408,0.10527520985647865,0.0,0.0,0.0,0.0,0.0,0.0
27,2024-03-11 10:06,COMPAS,0,0,Demographic Parity,42558,18240,8,0.10799973225927703,0.6524507730626439,0.6349189878801849,0.6524507730626439,0.5628742523729123,0.6572916666666667,0.640229046404826,0.6572916666666667,0.5639739194336699,0.9961934301423939,0.9962386235697983,0.9961934301423939,0.9961994787977249,0.996765350877193,0.9967977687977375,0.996765350877193,0.9967696430685931,1.0,1.0,1.0,1.0,1.0,1.0,1.0,1.0,1.0,1.0,1.0,1.0,1.0,1.0,1.0,1.0,0.6594999765026552,0.6474625604676524,0.6594999765026552,0.5817505760322413,0.6648574561403509,0.652746198869996,0.6648574561403509,0.5860028668779229,0.6535786456130457,0.631544651618908,0.6535786456130457,0.5756917381176384,0.6564144736842106,0.6301355954749001,0.6564144736842106,0.5753235613254485,0.0,0.0,0.0,0.0,0.0,0.0,0.0,0.0,0.0,0.0,0.0,0.0,0.10914368453983408,0.10527520985647865,0.10376413364241999,0.10021339768495208,0.10914368453983408,0.10527520985647865,0.0,0.0,0.006722250308450859,0.00644721452142133,0.0,0.0
28,2024-03-11 10:46,COMPAS,1,0,Demographic Parity,27035,11587,1,0.1229684623844644,0.6689846495283891,0.4475404613046216,0.6689846495283891,0.5363026693278272,0.6641926296711832,0.4411518493095215,0.6641926296711832,0.5301692141211871,1.0,1.0,1.0,1.0,1.0,1.0,1.0,1.0,1.0,1.0,1.0,1.0,1.0,1.0,1.0,1.0,0.999963010911781,0.9999630136383834,0.999963010911781,0.9999630109069225,0.999827392767757,0.999827452825945,0.999827392767757,0.9998273930069,0.6833364157573516,0.6651579769946253,0.6833364157573516,0.6000389939377457,0.6761025286959523,0.6521579864384894,0.6761025286959523,0.5932238174602839,0.6695394858516738,0.7593411568734729,0.6695394858516738,0.5376565478652597,0.6643652369034263,0.6511641647127359,0.6643652369034263,0.531043771219425,0.0,0.0,0.00010267994660639879,0.0004755111745126106,0.00010267994660639879,0.0004755111745126106,0.0,0.0,0.0,0.0,0.00010267994660639879,0.0004755111745126106,0.1215647129722166,0.1263172089116576,0.1215647129722166,0.1263172089116576,0.12150942158661449,0.12605733365178234,0.0,0.0,0.0,0.0,0.00010267994660639879,0.0004755111745126106
29,2024-03-11 10:46,COMPAS,1,0,Demographic Parity,27035,11587,2,0.1229684623844644,0.6689846495283891,0.4475404613046216,0.6689846495283891,0.5363026693278272,0.6641926296711832,0.4411518493095215,0.6641926296711832,0.5301692141211871,1.0,1.0,1.0,1.0,1.0,1.0,1.0,1.0,1.0,1.0,1.0,1.0,1.0,1.0,1.0,1.0,1.0,1.0,1.0,1.0,1.0,1.0,1.0,1.0,0.6833364157573516,0.6651579769946253,0.6833364157573516,0.6000389939377457,0.6761025286959523,0.6521579864384894,0.6761025286959523,0.5932238174602839,0.6689846495283891,0.4475404613046216,0.6689846495283891,0.5363026693278272,0.6641926296711832,0.4411518493095215,0.6641926296711832,0.5301692141211871,0.0,0.0,0.0,0.0,0.0,0.0,0.0,0.0,0.0,0.0,0.0,0.0,0.1215647129722166,0.1263172089116576,0.1215647129722166,0.1263172089116576,0.1215647129722166,0.1263172089116576,0.0,0.0,0.0,0.0,0.0,0.0
30,2024-03-11 10:46,COMPAS,1,0,Demographic Parity,27035,11587,4,0.1229684623844644,0.6689846495283891,0.4475404613046216,0.6689846495283891,0.5363026693278272,0.6641926296711832,0.4411518493095215,0.6641926296711832,0.5301692141211871,0.9994081745884964,0.9994088718277707,0.9994081745884964,0.9994081731503895,0.9993958746871494,0.9993966097605355,0.9993958746871494,0.9993958774591338,1.0,1.0,1.0,1.0,1.0,1.0,1.0,1.0,0.999889032735343,0.9998890572711475,0.999889032735343,0.9998890326907061,0.9999136963838785,0.999913711401038,0.9999136963838785,0.9999136964443072,0.6833364157573516,0.6651579769946253,0.6833364157573516,0.6000389939377457,0.6761025286959523,0.6521579864384894,0.6761025286959523,0.5932238174602839,0.669132605881265,0.723461182802492,0.669132605881265,0.5367139802638171,0.6642789332873047,0.7769972959243135,0.6642789332873047,0.5303692725551791,0.0,0.0,6.266476505567553e-05,0.0002377555872562498,6.266476505567553e-05,0.0002377555872562498,0.0,0.0,0.0016428791457028247,0.0016642891107940816,6.266476505567553e-05,0.0002377555872562498,0.1215647129722166,0.1263172089116576,0.1206800508025827,0.1254076455020942,0.12156587452998768,0.12618727128171997,0.0,0.0,0.0016428791457028247,0.0016642891107940816,6.266476505567553e-05,0.0002377555872562498
31,2024-03-11 10:46,COMPAS,1,0,Demographic Parity,27035,11587,8,0.1229684623844644,0.6689846495283891,0.4475404613046216,0.6689846495283891,0.5363026693278272,0.6641926296711832,0.4411518493095215,0.6641926296711832,0.5301692141211871,0.8248196781949325,0.8701534853130573,0.8248196781949325,0.8191549995108078,0.8196254423060326,0.8677345318390075,0.8196254423060326,0.8138525750790787,1.0,1.0,1.0,1.0,1.0,1.0,1.0,1.0,0.9975587201775477,0.997567844180158,0.9975587201775477,0.9975586905361863,0.996806766203504,0.996825056280694,0.996806766203504,0.9968068161516811,0.6833364157573516,0.6651579769946253,0.6833364157573516,0.6000389939377457,0.6761025286959523,0.6521579864384894,0.6761025286959523,0.5932238174602839,0.669206584057703,0.7786551585063308,0.669206584057703,0.5368175657349711,0.6644515405195478,0.7770734682180974,0.6644515405195478,0.5307691320894494,0.0,0.0,0.003914906027354498,0.004755581640757628,0.003914906027354498,0.004755581640757628,0.0,0.0,0.007857011170317785,0.0280054269348724,0.0037712244554735097,0.004312319229410111,0.1215647129722166,0.1263172089116576,0.08236331829227234,0.09387708240830833,0.11919299118018062,0.1233171557477648,0.0,0.0,0.007857011170317785,0.0280054269348724,0.0037712244554735097,0.004312319229410111
32,2024-03-11 11:08,COMPAS,0,1,Demographic Parity,30471,13060,1,0.10649461904576088,0.5540349840832267,0.5637342741873193,0.5540349840832267,0.5355836702766309,0.5535987748851455,0.5656127743844842,0.5535987748851455,0.5343478949907821,1.0,1.0,1.0,1.0,1.0,1.0,1.0,1.0,1.0,1.0,1.0,1.0,1.0,1.0,1.0,1.0,1.0,1.0,1.0,1.0,1.0,1.0,1.0,1.0,0.6077581963178104,0.6121872036213382,0.6077581963178104,0.6036354068977997,0.6012251148545176,0.606512592288244,0.6012251148545176,0.5968387368832191,0.5945653244068131,0.6011687344341263,0.5945653244068131,0.5875287040652138,0.5860643185298622,0.5937071900240778,0.5860643185298622,0.5783891624483859,0.0,0.0,0.0,0.0,0.0,0.0,0.0,0.0,0.0,0.0,0.0,0.0,0.10598335108208662,0.10773291185554273,0.10598335108208662,0.10773291185554273,0.10598335108208662,0.10773291185554273,0.0,0.0,0.0,0.0,0.0,0.0
33,2024-03-11 11:08,COMPAS,0,1,Demographic Parity,30471,13060,2,0.10649461904576088,0.55337862229661,0.5630314227697896,0.55337862229661,0.534773126177609,0.552833078101072,0.5647953495633841,0.552833078101072,0.5333974833042026,1.0,1.0,1.0,1.0,1.0,1.0,1.0,1.0,1.0,1.0,1.0,1.0,1.0,1.0,1.0,1.0,1.0,1.0,1.0,1.0,1.0,1.0,1.0,1.0,0.6077581963178104,0.6121872036213382,0.6077581963178104,0.6036354068977997,0.6012251148545176,0.606512592288244,0.6012251148545176,0.5968387368832191,0.5966985002133176,0.6004499964842075,0.5966985002133176,0.5926636747234154,0.5872894333843798,0.591993205009843,0.5872894333843798,0.5826821428084027,0.0,0.0,0.0,0.0,0.0,0.0,0.0,0.0,0.0,0.0,0.0,0.0,0.10598335108208662,0.10773291185554273,0.10598335108208662,0.10773291185554273,0.10598335108208662,0.10773291185554273,0.0,0.0,0.0,0.0,0.0,0.0
34,2024-03-11 11:08,COMPAS,0,1,Demographic Parity,30471,13060,4,0.10649461904576088,0.5554133438351219,0.5650645814491666,0.5554133438351219,0.5375075782610705,0.5557427258805513,0.5677649949467992,0.5557427258805513,0.5371805179285651,0.9999671819106691,0.9999671854996991,0.9999671819106691,0.9999671824232835,0.9999234303215927,0.999923450137762,0.9999234303215927,0.9999234331947864,1.0,1.0,1.0,1.0,1.0,1.0,1.0,1.0,1.0,1.0,1.0,1.0,0.9999234303215927,0.999923450137762,0.9999234303215927,0.9999234331947864,0.6077581963178104,0.6121872036213382,0.6077581963178104,0.6036354068977997,0.6012251148545176,0.606512592288244,0.6012251148545176,0.5968387368832191,0.5823898132650717,0.5824944170945188,0.5823898132650717,0.5823017206852378,0.5736600306278714,0.5736473868911597,0.5736600306278714,0.5735896448480661,0.0,0.0,0.0,0.00020296326364927948,0.0,0.00020296326364927948,0.0,0.0,0.0,0.0,0.0,0.0,0.10598335108208662,0.10773291185554273,0.10591784174700636,0.10757899466299231,0.10598335108208662,0.10757899466299231,0.0,0.0,8.70170553428472e-05,0.00020296326364927948,0.0,0.00020296326364927948
35,2024-03-11 11:08,COMPAS,0,1,Demographic Parity,30471,13060,8,0.10649461904576088,0.5581372452495815,0.5756899637161987,0.5581372452495815,0.5318014034459899,0.5621745788667688,0.5793049285459365,0.5621745788667688,0.5350438308496124,0.9990482754094057,0.9990484879979484,0.9990482754094057,0.9990483497048039,0.9991577335375191,0.999158049523123,0.9991577335375191,0.9991578283031359,1.0,1.0,1.0,1.0,1.0,1.0,1.0,1.0,0.9998687276426766,0.999868729693791,0.9998687276426766,0.9998687235403675,0.9998468606431853,0.9998468939379689,0.9998468606431853,0.9998468491413546,0.6077581963178104,0.6121872036213382,0.6077581963178104,0.6036354068977997,0.6012251148545176,0.606512592288244,0.6012251148545176,0.5968387368832191,0.5881329788979686,0.588759429048427,0.5881329788979686,0.5872873925374653,0.585375191424196,0.5863545253317991,0.585375191424196,0.5845358502548997,0.0,0.0,0.0006603265623260851,0.0008722197993894509,0.0006603265623260851,0.0008722197993894509,0.0,0.0,0.0017833760508484398,0.0006713870239248854,0.0005586592178771221,0.0008722197993894509,0.10598335108208662,0.10773291185554273,0.10434307591186076,0.1066585872062144,0.1058518240532822,0.10742817316896647,0.0,0.0,0.0017833760508484398,0.0009835875444249508,0.0005586592178771221,0.0008722197993894509
36,2024-03-11 11:08,COMPAS,0,1,Demographic Parity,30471,13060,16,0.10649461904576088,0.5695907584260445,0.5696913886423338,0.5695907584260445,0.5694906919081455,0.5725114854517611,0.5724958070839709,0.5725114854517611,0.5724607804078709,0.9680023629024318,0.9681799619111637,0.9680023629024318,0.9677115867229882,0.9695252679938744,0.9696591793616867,0.9695252679938744,0.9692613138172409,1.0,1.0,1.0,1.0,1.0,1.0,1.0,1.0,0.9902530274687408,0.990257407652899,0.9902530274687408,0.9902550039829036,0.9911179173047473,0.9911154699843301,0.9911179173047473,0.9911165823917509,0.6077581963178104,0.6121872036213382,0.6077581963178104,0.6036354068977997,0.6012251148545176,0.606512592288244,0.6012251148545176,0.5968387368832191,0.5772045551507992,0.57767700794267,0.5772045551507992,0.5764333280833697,0.5754211332312404,0.5762688621683543,0.5754211332312404,0.574613715108124,0.0,0.0,0.021142850407124388,0.020483094809209373,0.021142850407124388,0.020483094809209373,0.0,0.0,0.06319383880665375,0.049550695692512026,0.014259160821696426,0.01436301565828979,0.10598335108208662,0.10773291185554273,0.07119216434942005,0.07788554691295416,0.09462990176744668,0.0970159787997184,0.0,0.0,0.06319383880665375,0.049550695692512026,0.014259160821696426,0.01436301565828979
37,2024-03-11 11:41,COMPAS,0,0,Demographic Parity,42558,18240,1,0.10799973225927703,0.6397387095258236,0.4092656164657661,0.6397387095258236,0.4991839420368586,0.6473135964912281,0.4190148922024085,0.6473135964912281,0.5087251062516678,1.0,1.0,1.0,1.0,1.0,1.0,1.0,1.0,1.0,1.0,1.0,1.0,1.0,1.0,1.0,1.0,1.0,1.0,1.0,1.0,1.0,1.0,1.0,1.0,0.6586070774002538,0.6449057911987173,0.6586070774002538,0.5823972300554118,0.665296052631579,0.6470891871842733,0.665296052631579,0.5929851329128247,0.6462004793458339,0.6270818965442206,0.6462004793458339,0.537328103940897,0.6536184210526316,0.6299406710799552,0.6536184210526316,0.5486040385412572,0.0,0.0,0.0,0.0,0.0,0.0,0.0,0.0,0.0,0.0,0.0,0.0,0.10873530713120116,0.10625427501392251,0.10873530713120116,0.10625427501392251,0.10873530713120116,0.10625427501392251,0.0,0.0,0.0,0.0,0.0,0.0
38,2024-03-11 11:41,COMPAS,0,0,Demographic Parity,42558,18240,2,0.10799973225927703,0.6397387095258236,0.4092656164657661,0.6397387095258236,0.4991839420368586,0.6473135964912281,0.4190148922024085,0.6473135964912281,0.5087251062516678,1.0,1.0,1.0,1.0,0.9999451754385965,0.9999451798492612,0.9999451754385965,0.9999451741824499,1.0,1.0,1.0,1.0,1.0,1.0,1.0,1.0,1.0,1.0,1.0,1.0,1.0,1.0,1.0,1.0,0.6586070774002538,0.6449057911987173,0.6586070774002538,0.5823972300554118,0.665296052631579,0.6470891871842733,0.665296052631579,0.5929851329128247,0.6397387095258236,0.4092656164657661,0.6397387095258236,0.4991839420368586,0.6473135964912281,0.4190148922024085,0.6473135964912281,0.5087251062516678,0.0,0.0,0.0,0.0,0.0,0.0,0.0,0.0,0.0,0.00023786869647957065,0.0,0.0,0.10873530713120116,0.10625427501392251,0.10873530713120116,0.10616957949431546,0.10873530713120116,0.10625427501392251,0.0,0.0,0.0,0.00023786869647957065,0.0,0.0
39,2024-03-11 11:41,COMPAS,0,0,Demographic Parity,42558,18240,4,0.10799973225927703,0.6397387095258236,0.4092656164657661,0.6397387095258236,0.4991839420368586,0.6473135964912281,0.4190148922024085,0.6473135964912281,0.5087251062516678,1.0,1.0,1.0,1.0,1.0,1.0,1.0,1.0,1.0,1.0,1.0,1.0,1.0,1.0,1.0,1.0,1.0,1.0,1.0,1.0,1.0,1.0,1.0,1.0,0.6586070774002538,0.6449057911987173,0.6586070774002538,0.5823972300554118,0.665296052631579,0.6470891871842733,0.665296052631579,0.5929851329128247,0.646858405000235,0.626204832084802,0.646858405000235,0.5423566612505296,0.6542214912280702,0.6303179793154117,0.6542214912280702,0.5522699427135586,0.0,0.0,0.0,0.0,0.0,0.0,0.0,0.0,0.0,0.0,0.0,0.0,0.10873530713120116,0.10625427501392251,0.10873530713120116,0.10625427501392251,0.10873530713120116,0.10625427501392251,0.0,0.0,0.0,0.0,0.0,0.0
40,2024-03-11 11:41,COMPAS,0,0,Demographic Parity,42558,18240,8,0.10799973225927703,0.6507589642370412,0.6328154338495077,0.6507589642370412,0.5580050416623192,0.6601425438596491,0.642088404999288,0.6601425438596491,0.5728215711465932,0.9998590159311997,0.9998590785629496,0.9998590159311997,0.9998590243141405,0.9998355263157894,0.9998356111835316,0.9998355263157894,0.9998355376122086,1.0,1.0,1.0,1.0,1.0,1.0,1.0,1.0,1.0,1.0,1.0,1.0,1.0,1.0,1.0,1.0,0.6586070774002538,0.6449057911987173,0.6586070774002538,0.5823972300554118,0.665296052631579,0.6470891871842733,0.665296052631579,0.5929851329128247,0.6513463978570422,0.6322962997501262,0.6513463978570422,0.5621653658280847,0.6603070175438597,0.6402621548417481,0.6603070175438597,0.5763936704736291,0.0,0.0,0.0,0.0,0.0,0.0,0.0,0.0,0.0,0.0,0.0,0.0,0.10873530713120116,0.10625427501392251,0.10834396875395097,0.10602807359586436,0.10873530713120116,0.10625427501392251,0.0,0.0,0.0005201560468140442,0.0002828948526709226,0.0,0.0
41,2024-03-11 12:16,COMPAS,1,0,Demographic Parity,27035,11587,1,0.1270540631673598,0.6567782504161273,0.5601414574643723,0.6567782504161273,0.5209808195271254,0.6611720031069301,0.43724321489774715,0.6611720031069301,0.5263819501044575,1.0,1.0,1.0,1.0,0.9996547855355139,0.9996550246037026,0.9996547855355139,0.999654785936636,1.0,1.0,1.0,1.0,1.0,1.0,1.0,1.0,1.0,1.0,1.0,1.0,1.0,1.0,1.0,1.0,0.673682263732199,0.6623794012995057,0.673682263732199,0.5891522418098477,0.6734271165961854,0.651406533041314,0.6734271165961854,0.5886397388310196,0.6642130571481413,0.6430829417401094,0.6642130571481413,0.5612258158514487,0.6610856994908086,0.6099430512594577,0.6610856994908086,0.5568139175729364,0.0,0.0,0.0,0.0,0.0,0.0,0.0,0.0,0.0,0.0009583133684715195,0.0,0.0,0.12720231347921068,0.12667720756084705,0.12720231347921068,0.12615515065664457,0.12720231347921068,0.12667720756084705,0.0,0.0,0.0,0.0009583133684715195,0.0,0.0
42,2024-03-11 12:16,COMPAS,1,0,Demographic Parity,27035,11587,2,0.1270540631673598,0.6568522285925652,0.4314548502070195,0.6568522285925652,0.5208127107068861,0.6612583067230517,0.4372625482102375,0.6612583067230517,0.5264233098978671,1.0,1.0,1.0,1.0,0.999827392767757,0.9998274525555063,0.999827392767757,0.9998273928731801,1.0,1.0,1.0,1.0,1.0,1.0,1.0,1.0,1.0,1.0,1.0,1.0,1.0,1.0,1.0,1.0,0.673682263732199,0.6623794012995057,0.673682263732199,0.5891522418098477,0.6734271165961854,0.651406533041314,0.6734271165961854,0.5886397388310196,0.6582948030331053,0.6583770442442372,0.6582948030331053,0.526925423104,0.6626391645809959,0.6690875545920432,0.6626391645809959,0.5317861102909368,0.0,0.0,0.0,0.0,0.0,0.0,0.0,0.0,0.0,0.00047915668423570423,0.0,0.0,0.12720231347921068,0.12667720756084705,0.12720231347921068,0.12641617910874575,0.12720231347921068,0.12667720756084705,0.0,0.0,0.0,0.00047915668423570423,0.0,0.0
43,2024-03-11 12:16,COMPAS,1,0,Demographic Parity,27035,11587,4,0.1270540631673598,0.6568522285925652,0.4314548502070195,0.6568522285925652,0.5208127107068861,0.6612583067230517,0.4372625482102375,0.6612583067230517,0.5264233098978671,0.9997780654706862,0.9997781637805552,0.9997780654706862,0.999778065381413,0.9988780529904203,0.9988805742196554,0.9988780529904203,0.9988780562495215,1.0,1.0,1.0,1.0,1.0,1.0,1.0,1.0,1.0,1.0,1.0,1.0,0.9997410891516354,0.9997412236507776,0.9997410891516354,0.9997410893830522,0.673682263732199,0.6623794012995057,0.673682263732199,0.5891522418098477,0.6734271165961854,0.651406533041314,0.6734271165961854,0.5886397388310196,0.6585907157388571,0.6357368334077587,0.6585907157388571,0.5317260025244276,0.6603089669457151,0.5895481681451691,0.6603089669457151,0.533204990934436,0.0,0.0,0.0,0.0007187350263536674,0.0,0.0007187350263536674,0.0,0.0,0.0006224066390041472,0.0031145184475322996,0.0,0.0007187350263536674,0.12720231347921068,0.12667720756084705,0.12686443759228655,0.12498052262218878,0.12720231347921068,0.12628566488269516,0.0,0.0,0.0006224066390041472,0.0031145184475322996,0.0,0.0007187350263536674
44,2024-03-11 12:34,COMPAS,0,1,Demographic Parity,30471,13059,1,0.09982990603546593,0.5513439007580979,0.5599371933262809,0.5513439007580979,0.5339145235675643,0.5496592388391148,0.5596114867397141,0.5496592388391148,0.5319919936332929,1.0,1.0,1.0,1.0,1.0,1.0,1.0,1.0,1.0,1.0,1.0,1.0,1.0,1.0,1.0,1.0,1.0,1.0,1.0,1.0,1.0,1.0,1.0,1.0,0.6040169341340947,0.609042479333224,0.6040169341340947,0.5991876091026183,0.6035684202465732,0.6090232761026587,0.6035684202465732,0.5990790221660371,0.5908896984017591,0.5946513575207146,0.5908896984017591,0.5865531787567049,0.5851902902213033,0.5892612153643599,0.5851902902213033,0.5810261081551646,0.0,0.0,0.0,0.0,0.0,0.0,0.0,0.0,0.0,0.0,0.0,0.0,0.09989527905677037,0.09969174986521179,0.09989527905677037,0.09969174986521179,0.09989527905677037,0.09969174986521179,0.0,0.0,0.0,0.0,0.0,0.0
45,2024-03-11 12:34,COMPAS,0,1,Demographic Parity,30471,13059,2,0.09982990603546593,0.550293721899511,0.5593154714701277,0.550293721899511,0.5317329443820998,0.5489700589631672,0.5595020658428266,0.5489700589631672,0.5301109250606915,1.0,1.0,1.0,1.0,1.0,1.0,1.0,1.0,1.0,1.0,1.0,1.0,1.0,1.0,1.0,1.0,1.0,1.0,1.0,1.0,1.0,1.0,1.0,1.0,0.6040169341340947,0.609042479333224,0.6040169341340947,0.5991876091026183,0.6035684202465732,0.6090232761026587,0.6035684202465732,0.5990790221660371,0.5934166912802337,0.5961027145233992,0.5934166912802337,0.5903660537235665,0.5927712688567272,0.5961495655581477,0.5927712688567272,0.589661042092725,0.0,0.0,0.0,0.0,0.0,0.0,0.0,0.0,0.0,0.0,0.0,0.0,0.09989527905677037,0.09969174986521179,0.09989527905677037,0.09969174986521179,0.09989527905677037,0.09969174986521179,0.0,0.0,0.0,0.0,0.0,0.0
46,2024-03-11 12:34,COMPAS,0,1,Demographic Parity,30471,13059,4,0.09982990603546593,0.5502280857208494,0.5592303202774556,0.5502280857208494,0.5316773464766474,0.5489700589631672,0.5595020658428266,0.5489700589631672,0.5301109250606915,0.9999015457320075,0.9999015595962022,0.9999015457320075,0.9999015411445616,1.0,1.0,1.0,1.0,1.0,1.0,1.0,1.0,1.0,1.0,1.0,1.0,1.0,1.0,1.0,1.0,1.0,1.0,1.0,1.0,0.6040169341340947,0.609042479333224,0.6040169341340947,0.5991876091026183,0.6035684202465732,0.6090232761026587,0.6035684202465732,0.5990790221660371,0.5850480785008697,0.5892160978865345,0.5850480785008697,0.579876498785143,0.5746994409985451,0.5794012202062196,0.5746994409985451,0.569113637349187,0.0,0.0,0.0,0.0,0.0,0.0,0.0,0.0,0.000562008242787515,0.0,0.0,0.0,0.09989527905677037,0.09969174986521179,0.09969802742944445,0.09969174986521179,0.09989527905677037,0.09969174986521179,0.0,0.0,0.000562008242787515,0.0,0.0,0.0
47,2024-03-11 12:34,COMPAS,0,1,Demographic Parity,30471,13059,8,0.09982990603546593,0.5558399789964228,0.5559975501944081,0.5558399789964228,0.5554113221410028,0.5538708936365725,0.5542597044291269,0.5538708936365725,0.5534122398421365,0.9993764563027141,0.9993766169803554,0.9993764563027141,0.999376504681808,0.9990810934987365,0.9990812836671806,0.9990810934987365,0.999081160680441,1.0,1.0,1.0,1.0,1.0,1.0,1.0,1.0,1.0,1.0,1.0,1.0,0.9996171222911402,0.9996171082443043,0.9996171222911402,0.9996171082838549,0.6040169341340947,0.609042479333224,0.6040169341340947,0.5991876091026183,0.6035684202465732,0.6090232761026587,0.6035684202465732,0.5990790221660371,0.5844901709822454,0.5845492326841155,0.5844901709822454,0.5843787968827058,0.5824335707175128,0.5827169044086865,0.5824335707175128,0.5822316827071524,0.0,0.0,0.0,0.001719963733709473,0.0,0.001719963733709473,0.0,0.0,0.0013113525665042758,0.0021834061135370675,0.0,0.0013100436681222627,0.09989527905677037,0.09969174986521179,0.09864875871531803,0.09785256487389582,0.09989527905677037,0.09892664834588752,0.0,0.0,0.0013113525665042758,0.0021834061135370675,0.0,0.0013100436681222627
48,2024-03-11 12:34,COMPAS,0,1,Demographic Parity,30471,13059,16,0.09982990603546593,0.5469462767877654,0.555605600849767,0.5469462767877654,0.5277427106689228,0.545600735125201,0.5557571313809608,0.545600735125201,0.5261134265169352,0.9637360112894228,0.9654787800455503,0.9637360112894228,0.9630390584560328,0.9641626464507237,0.9658647992460146,0.9641626464507237,0.9634762291472145,1.0,1.0,1.0,1.0,1.0,1.0,1.0,1.0,0.9959961931016377,0.9959988297930461,0.9959961931016377,0.9959971859241719,0.9954054674936825,0.9954090380697906,0.9954054674936825,0.9954068089990706,0.6040169341340947,0.609042479333224,0.6040169341340947,0.5991876091026183,0.6035684202465732,0.6090232761026587,0.6035684202465732,0.5990790221660371,0.581109907781169,0.582057571154174,0.581109907781169,0.5797515280152693,0.5845776858871277,0.5860030479378876,0.5845776858871277,0.5832180865108654,0.0,0.0,0.00912226891481119,0.012262588515888543,0.00912226891481119,0.012262588515888543,0.0,0.0,0.08637454622820895,0.09817304637651503,0.007239033799496419,0.009247303722290212,0.09989527905677037,0.09969174986521179,0.06229189675443311,0.05895665569362049,0.09556510480249597,0.09386654991356808,0.0,0.0,0.08637454622820895,0.09817304637651503,0.007239033799496419,0.009247303722290212
49,2024-03-11 13:09,COMPAS,0,0,Demographic Parity,42558,18240,1,0.10799973225927703,0.6426993749706283,0.41306248658763633,0.6426993749706283,0.5029069748017916,0.6404057017543859,0.41011946283952755,0.6404057017543859,0.500021991390193,1.0,1.0,1.0,1.0,1.0,1.0,1.0,1.0,1.0,1.0,1.0,1.0,1.0,1.0,1.0,1.0,1.0,1.0,1.0,1.0,0.9999451754385965,0.9999451798560135,0.9999451754385965,0.999945174191826,0.6622491658442596,0.648479020039753,0.6622491658442596,0.5873875230002675,0.6573464912280702,0.6396909976549479,0.6573464912280702,0.5823762039660216,0.6517223553738427,0.6439726914850276,0.6517223553738427,0.5436418954628663,0.6484100877192982,0.6327390386342092,0.6484100877192982,0.5425443044074535,0.0,0.0,0.0,0.00023769907297366277,0.0,0.00023769907297366277,0.0,0.0,0.0,0.0,0.0,0.00023769907297366277,0.10598401048338513,0.11271126370882911,0.10598401048338513,0.11271126370882911,0.10598401048338513,0.11262565460001994,0.0,0.0,0.0,0.0,0.0,0.00023769907297366277
50,2024-03-11 13:09,COMPAS,0,0,Demographic Parity,42558,18240,2,0.10799973225927703,0.6426993749706283,0.41306248658763633,0.6426993749706283,0.5029069748017916,0.6404057017543859,0.41011946283952755,0.6404057017543859,0.500021991390193,1.0,1.0,1.0,1.0,1.0,1.0,1.0,1.0,1.0,1.0,1.0,1.0,1.0,1.0,1.0,1.0,1.0,1.0,1.0,1.0,1.0,1.0,1.0,1.0,0.6622491658442596,0.648479020039753,0.6622491658442596,0.5873875230002675,0.6573464912280702,0.6396909976549479,0.6573464912280702,0.5823762039660216,0.6466939235866347,0.6278624936109423,0.6466939235866347,0.5268891401410545,0.6433662280701754,0.6153582068968942,0.6433662280701754,0.5243085700868346,0.0,0.0,0.0,0.0,0.0,0.0,0.0,0.0,0.0,0.0,0.0,0.0,0.10598401048338513,0.11271126370882911,0.10598401048338513,0.11271126370882911,0.10598401048338513,0.11271126370882911,0.0,0.0,0.0,0.0,0.0,0.0
51,2024-03-11 13:09,COMPAS,0,0,Demographic Parity,42558,18240,4,0.10799973225927703,0.6426993749706283,0.41306248658763633,0.6426993749706283,0.5029069748017916,0.6404057017543859,0.41011946283952755,0.6404057017543859,0.500021991390193,1.0,1.0,1.0,1.0,0.9999451754385965,0.9999451798560135,0.9999451754385965,0.999945174191826,1.0,1.0,1.0,1.0,1.0,1.0,1.0,1.0,1.0,1.0,1.0,1.0,0.9999451754385965,0.9999451798560135,0.9999451754385965,0.999945174191826,0.6622491658442596,0.648479020039753,0.6622491658442596,0.5873875230002675,0.6573464912280702,0.6396909976549479,0.6573464912280702,0.5823762039660216,0.6554584331970488,0.6442588450708513,0.6554584331970488,0.5606002333125232,0.6509320175438597,0.6336293821377345,0.6509320175438597,0.5556310923110427,0.0,0.0,0.0,0.00023769907297366277,0.0,0.00023769907297366277,0.0,0.0,0.0,0.00023769907297366277,0.0,0.00023769907297366277,0.10598401048338513,0.11271126370882911,0.10598401048338513,0.11262565460001994,0.10598401048338513,0.11262565460001994,0.0,0.0,0.0,0.00023769907297366277,0.0,0.00023769907297366277
52,2024-03-11 13:09,COMPAS,0,0,Demographic Parity,42558,18240,8,0.10799973225927703,0.6551764650594483,0.6401966501195786,0.6551764650594483,0.5633179516754745,0.6507675438596491,0.6305435789348969,0.6507675438596491,0.5587323615566263,0.998167207105597,0.9981777504971276,0.998167207105597,0.9981686197744144,0.9984100877192983,0.9984179572287949,0.9984100877192983,0.9984111300543853,1.0,1.0,1.0,1.0,1.0,1.0,1.0,1.0,1.0,1.0,1.0,1.0,0.9999451754385965,0.9999451848408536,0.9999451754385965,0.9999451766848747,0.6622491658442596,0.648479020039753,0.6622491658442596,0.5873875230002675,0.6573464912280702,0.6396909976549479,0.6573464912280702,0.5823762039660216,0.6551764650594483,0.6384942335112209,0.6551764650594483,0.5653326486493531,0.6508771929824562,0.6295090488398963,0.6508771929824562,0.5610463375829107,0.0,0.0,0.0,0.0001337971635001338,0.0,0.0001337971635001338,0.0,0.0,0.0,0.0,0.0,0.0,0.10598401048338513,0.11271126370882911,0.10269628677924081,0.11186092862271704,0.10598401048338513,0.11279687281763828,0.0,0.0,0.004231926657909965,0.0008293472476600676,0.0,0.0001337971635001338
53,2024-03-11 13:45,COMPAS,1,0,Demographic Parity,27035,11587,1,0.135233737045988,0.6582948030331053,0.43335204770039487,0.6582948030331053,0.522647778799972,0.6650556658323984,0.4422990386557748,0.6650556658323984,0.5312723745300847,1.0,1.0,1.0,1.0,1.0,1.0,1.0,1.0,1.0,1.0,1.0,1.0,1.0,1.0,1.0,1.0,1.0,1.0,1.0,1.0,0.9996547855355139,0.999654843782129,0.9996547855355139,0.9996547848720452,0.6753837617902718,0.6646612895130809,0.6753837617902718,0.5909230606660874,0.6782601190989902,0.6589165453342735,0.6782601190989902,0.5930771293583047,0.6629184390604772,0.6396524733069505,0.6629184390604772,0.5502998577582336,0.668162596012773,0.6360732289572303,0.668162596012773,0.5550522786805544,0.0,0.0,0.0,0.00037332746302352627,0.0,0.00037332746302352627,0.0,0.0,0.0,0.0,0.0,0.00023546032493526603,0.13472415928194936,0.13628745471041448,0.13472415928194936,0.13628745471041448,0.13472415928194936,0.13615955817145864,0.0,0.0,0.0,0.0,0.0,0.00023546032493526603
54,2024-03-11 13:45,COMPAS,1,0,Demographic Parity,27035,11587,2,0.135233737045988,0.6582948030331053,0.43335204770039487,0.6582948030331053,0.522647778799972,0.6650556658323984,0.4422990386557748,0.6650556658323984,0.5312723745300847,1.0,1.0,1.0,1.0,1.0,1.0,1.0,1.0,1.0,1.0,1.0,1.0,1.0,1.0,1.0,1.0,1.0,1.0,1.0,1.0,0.9999136963838785,0.9999137111164862,0.9999136963838785,0.999913696301588,0.6753837617902718,0.6646612895130809,0.6753837617902718,0.5909230606660874,0.6782601190989902,0.6589165453342735,0.6782601190989902,0.5930771293583047,0.6636952099130756,0.6502244279595676,0.6636952099130756,0.5487753844765944,0.6671269526193148,0.6296643729979159,0.6671269526193148,0.5517440746265413,0.0,0.0,0.0,0.00044033465433729633,0.0,0.00044033465433729633,0.0,0.0,0.0,0.0,0.0,0.0,0.13472415928194936,0.13628745471041448,0.13472415928194936,0.13628745471041448,0.13472415928194936,0.1360297891602985,0.0,0.0,0.0,0.0,0.0,0.00044033465433729633
55,2024-03-11 13:45,COMPAS,1,0,Demographic Parity,27035,11587,4,0.135233737045988,0.6582948030331053,0.43335204770039487,0.6582948030331053,0.522647778799972,0.6650556658323984,0.4422990386557748,0.6650556658323984,0.5312723745300847,0.999963010911781,0.999963013660877,0.999963010911781,0.9999630109181579,1.0,1.0,1.0,1.0,1.0,1.0,1.0,1.0,1.0,1.0,1.0,1.0,1.0,1.0,1.0,1.0,1.0,1.0,1.0,1.0,0.6753837617902718,0.6646612895130809,0.6753837617902718,0.5909230606660874,0.6782601190989902,0.6589165453342735,0.6782601190989902,0.5930771293583047,0.6602922137969299,0.6604347005758936,0.6602922137969299,0.530998361109738,0.6657460947613705,0.6315457698716586,0.6657460947613705,0.5372168438706765,0.0,0.0,0.0,0.0,0.0,0.0,0.0,0.0,0.0,0.0,0.0,0.0,0.13472415928194936,0.13628745471041448,0.13461591074330465,0.13628745471041448,0.13472415928194936,0.13628745471041448,0.0,0.0,0.00018315018315018315,0.0,0.0,0.0
56,2024-03-11 13:45,COMPAS,1,0,Demographic Parity,27035,11587,8,0.135233737045988,0.6582948030331053,0.43335204770039487,0.6582948030331053,0.522647778799972,0.6650556658323984,0.4422990386557748,0.6650556658323984,0.5312723745300847,0.968448307749214,0.9703129047763666,0.968448307749214,0.9684121737475843,0.9654785535513938,0.9677311764844186,0.9654785535513938,0.9654504597337371,1.0,1.0,1.0,1.0,1.0,1.0,1.0,1.0,0.9982615128537081,0.9982641147748776,0.9982615128537081,0.9982615012029993,0.997324587900233,0.9973289563173842,0.997324587900233,0.9973246251676611,0.6753837617902718,0.6646612895130809,0.6753837617902718,0.5909230606660874,0.6782601190989902,0.6589165453342735,0.6782601190989902,0.5930771293583047,0.6582948030331053,0.43335204770039487,0.6582948030331053,0.522647778799972,0.6650556658323984,0.4422990386557748,0.6650556658323984,0.5312723745300847,0.0,0.0,0.004085388480443351,0.006215882970835239,0.004085388480443351,0.006215882970835239,0.0,0.0,0.018228890263707775,0.026514441322848303,0.002926474743029428,0.005651047798445941,0.13472415928194936,0.13628745471041448,0.11803791193854557,0.11498718058717117,0.13232454153912526,0.13330651239814,0.0,0.0,0.018228890263707775,0.026514441322848303,0.002926474743029428,0.005651047798445941
57,2024-03-11 14:09,COMPAS,0,1,Demographic Parity,30479,13063,1,0.10820787067944476,0.5518553758325404,0.5610902186578404,0.5518553758325404,0.5341270544437298,0.559366148664166,0.5715238018661829,0.559366148664166,0.5401969370676859,1.0,1.0,1.0,1.0,1.0,1.0,1.0,1.0,1.0,1.0,1.0,1.0,1.0,1.0,1.0,1.0,1.0,1.0,1.0,1.0,0.9998468958126004,0.9998469290635913,0.9998468958126004,0.9998468842683798,0.6058269628268644,0.6109549576788516,0.6058269628268644,0.6011841657783815,0.6083594886320141,0.6145357986274427,0.6083594886320141,0.6031307494063689,0.5981167361133896,0.6016474904085889,0.5981167361133896,0.5945629713123364,0.597106330858149,0.6014237030613955,0.597106330858149,0.5928962715902562,0.0,0.0,0.0,0.0008628127696289623,0.0,0.0008628127696289623,0.0,0.0,0.0,0.0,0.0,0.0008628127696289623,0.1036608484051616,0.11883386133995308,0.1036608484051616,0.11883386133995308,0.1036608484051616,0.11852795739379215,0.0,0.0,0.0,0.0,0.0,0.0008628127696289623
58,2024-03-11 14:09,COMPAS,0,1,Demographic Parity,30479,13063,2,0.10820787067944476,0.551888185307917,0.561191613825453,0.551888185307917,0.5340555999135999,0.5592130444767665,0.5714266849847816,0.5592130444767665,0.5399169493810398,1.0,1.0,1.0,1.0,1.0,1.0,1.0,1.0,1.0,1.0,1.0,1.0,1.0,1.0,1.0,1.0,1.0,1.0,1.0,1.0,1.0,1.0,1.0,1.0,0.6058269628268644,0.6109549576788516,0.6058269628268644,0.6011841657783815,0.6083594886320141,0.6145357986274427,0.6083594886320141,0.6031307494063689,0.5960825486400473,0.5981961740093916,0.5960825486400473,0.5938702532551933,0.5972594350455485,0.6002811552769571,0.5972594350455485,0.5943067258983968,0.0,0.0,0.0,0.0,0.0,0.0,0.0,0.0,0.0,0.0,0.0,0.0,0.1036608484051616,0.11883386133995308,0.1036608484051616,0.11883386133995308,0.1036608484051616,0.11883386133995308,0.0,0.0,0.0,0.0,0.0,0.0
59,2024-03-11 14:09,COMPAS,0,1,Demographic Parity,30479,13063,4,0.10820787067944476,0.5518553758325404,0.5611491841710439,0.5518553758325404,0.5340277044374981,0.5592130444767665,0.5714266849847816,0.5592130444767665,0.5399169493810398,1.0,1.0,1.0,1.0,1.0,1.0,1.0,1.0,1.0,1.0,1.0,1.0,1.0,1.0,1.0,1.0,1.0,1.0,1.0,1.0,1.0,1.0,1.0,1.0,0.6058269628268644,0.6109549576788516,0.6058269628268644,0.6011841657783815,0.6083594886320141,0.6145357986274427,0.6083594886320141,0.6031307494063689,0.5858459923225827,0.59633136032407,0.5858459923225827,0.5741953629320102,0.5891449131133737,0.6018049508231136,0.5891449131133737,0.5761852516171432,0.0,0.0,0.0,0.0,0.0,0.0,0.0,0.0,0.0,0.0,0.0,0.0,0.1036608484051616,0.11883386133995308,0.1036608484051616,0.11883386133995308,0.1036608484051616,0.11883386133995308,0.0,0.0,0.0,0.0,0.0,0.0
60,2024-03-11 14:09,COMPAS,0,1,Demographic Parity,30479,13063,8,0.10820787067944476,0.5535942780274944,0.562792334088214,0.5535942780274944,0.536503891039499,0.5617392635688586,0.5738737691684425,0.5617392635688586,0.5433378606365947,0.9990157157387053,0.9990156393719816,0.9990157157387053,0.9990155962790767,0.9993875832504019,0.9993876237263328,0.9993875832504019,0.9993874908481933,1.0,1.0,1.0,1.0,1.0,1.0,1.0,1.0,0.999934381049247,0.999934381049247,0.999934381049247,0.999934381049247,0.9999234479063003,0.9999234562199507,0.9999234479063003,0.9999234450210018,0.6058269628268644,0.6109549576788516,0.6058269628268644,0.6011841657783815,0.6083594886320141,0.6145357986274427,0.6083594886320141,0.6031307494063689,0.5757734833820007,0.5794263337528881,0.5757734833820007,0.5707889904854945,0.5749827757789175,0.579128499157298,0.5749827757789175,0.5695210529885235,0.0,0.0,0.0002720293564649973,0.00043140638481453664,0.0002720293564649973,0.00043140638481453664,0.0,0.0,0.0030570093256659936,0.0015068368655548614,0.00018426386585590482,0.00043140638481453664,0.1036608484051616,0.11883386133995308,0.10208583843927854,0.11791584476956993,0.1035296104922126,0.11868090936687262,0.0,0.0,0.0030570093256659936,0.0015068368655548614,0.00018426386585590482,0.00043140638481453664
61,2024-03-11 14:09,COMPAS,0,1,Demographic Parity,30479,13063,16,0.10820787067944476,0.5616654089701105,0.5775307158268671,0.5616654089701105,0.5381511935431899,0.5644951389420501,0.5802309617226922,0.5644951389420501,0.5416589558458278,0.9782145083500114,0.9786435408463287,0.9782145083500114,0.978013744087318,0.9807854244813595,0.9811296384256708,0.9807854244813595,0.9806175473312176,1.0,1.0,1.0,1.0,1.0,1.0,1.0,1.0,0.9979001935759048,0.997899793960352,0.9979001935759048,0.9978998111305301,0.9964786036898109,0.9964795369576449,0.9964786036898109,0.9964756676537391,0.6058269628268644,0.6109549576788516,0.6058269628268644,0.6011841657783815,0.6083594886320141,0.6145357986274427,0.6083594886320141,0.6031307494063689,0.5860428491748417,0.5896497528325316,0.5860428491748417,0.5817956743076889,0.5865421419275817,0.5912751032361346,0.5865421419275817,0.5812654684166871,0.0,0.0,0.006559297774708785,0.006233678351757496,0.006559297774708785,0.006233678351757496,0.0,0.0,0.06662636791990029,0.044055623934807664,0.005226010400139702,0.0060150055370363775,0.1036608484051616,0.11883386133995308,0.07595860427517223,0.09850435239196959,0.10064214389159182,0.11608133528830569,0.0,0.0,0.06662636791990029,0.044055623934807664,0.005226010400139702,0.0060150055370363775
62,2024-03-11 14:43,COMPAS,0,0,Demographic Parity,42558,18240,1,0.10799973225927703,0.6407021006626251,0.4104991817935006,0.6407021006626251,0.5003945343005457,0.6450657894736842,0.41610987274930744,0.6450657894736842,0.5058884275776424,1.0,1.0,1.0,1.0,1.0,1.0,1.0,1.0,1.0,1.0,1.0,1.0,1.0,1.0,1.0,1.0,1.0,1.0,1.0,1.0,1.0,1.0,1.0,1.0,0.6610038065698576,0.6486618641618164,0.6610038065698576,0.5860791021443122,0.6641995614035088,0.6500402163339243,0.6641995614035088,0.5886760349390179,0.6456835377602331,0.6360433295911536,0.6456835377602331,0.5252097470080531,0.6502192982456141,0.6390793308945009,0.6502192982456141,0.5315634846814699,0.0,0.0,0.0,0.0,0.0,0.0,0.0,0.0,0.0,0.0,0.0,0.0,0.11398722487199389,0.09386937779754329,0.11398722487199389,0.09386937779754329,0.11398722487199389,0.09386937779754329,0.0,0.0,0.0,0.0,0.0,0.0
63,2024-03-11 14:43,COMPAS,0,0,Demographic Parity,42558,18240,2,0.10799973225927703,0.6407021006626251,0.4104991817935006,0.6407021006626251,0.5003945343005457,0.6450657894736842,0.41610987274930744,0.6450657894736842,0.5058884275776424,1.0,1.0,1.0,1.0,0.9998355263157894,0.9998355662268994,0.9998355263157894,0.9998355153106383,1.0,1.0,1.0,1.0,1.0,1.0,1.0,1.0,1.0,1.0,1.0,1.0,1.0,1.0,1.0,1.0,0.6610038065698576,0.6486618641618164,0.6610038065698576,0.5860791021443122,0.6641995614035088,0.6500402163339243,0.6641995614035088,0.5886760349390179,0.6411955449034259,0.6674027095444394,0.6411955449034259,0.5021283915514289,0.6450657894736842,0.5937105566568227,0.6450657894736842,0.507187463572206,0.0,0.0,0.0,0.0,0.0,0.0,0.0,0.0,0.0,0.00011207324938411478,0.0,0.0,0.11398722487199389,0.09386937779754329,0.11398722487199389,0.0938538605053722,0.11398722487199389,0.09386937779754329,0.0,0.0,0.0,0.00011207324938411478,0.0,0.0
64,2024-03-11 14:43,COMPAS,0,0,Demographic Parity,42558,18240,4,0.10799973225927703,0.6407021006626251,0.4104991817935006,0.6407021006626251,0.5003945343005457,0.6450657894736842,0.41610987274930744,0.6450657894736842,0.5058884275776424,1.0,1.0,1.0,1.0,1.0,1.0,1.0,1.0,1.0,1.0,1.0,1.0,1.0,1.0,1.0,1.0,1.0,1.0,1.0,1.0,1.0,1.0,1.0,1.0,0.6610038065698576,0.6486618641618164,0.6610038065698576,0.5860791021443122,0.6641995614035088,0.6500402163339243,0.6641995614035088,0.5886760349390179,0.648785187273838,0.6298052457947256,0.648785187273838,0.5463894432750743,0.6544407894736842,0.6379610764932062,0.6544407894736842,0.5541669760183647,0.0,0.0,0.0,0.0,0.0,0.0,0.0,0.0,0.0,0.0,0.0,0.0,0.11398722487199389,0.09386937779754329,0.11398722487199389,0.09386937779754329,0.11398722487199389,0.09386937779754329,0.0,0.0,0.0,0.0,0.0,0.0
65,2024-03-11 14:43,COMPAS,0,0,Demographic Parity,42558,18240,8,0.10799973225927703,0.6508059589266413,0.6289256726634107,0.6508059589266413,0.5603238208315081,0.6578399122807017,0.6412523319851365,0.6578399122807017,0.568630163643502,0.992457352319188,0.9926315364135306,0.992457352319188,0.9924808475479409,0.9918311403508772,0.9920330245916666,0.9918311403508772,0.9918574746575738,1.0,1.0,1.0,1.0,1.0,1.0,1.0,1.0,0.9999765026552,0.9999765034618927,0.9999765026552,0.9999765024194889,0.9998355263157894,0.9998355405244257,0.9998355263157894,0.9998355299812559,0.6610038065698576,0.6486618641618164,0.6610038065698576,0.5860791021443122,0.6641995614035088,0.6500402163339243,0.6641995614035088,0.5886760349390179,0.6532731801306453,0.6361625421280781,0.6532731801306453,0.5644492423011597,0.6595394736842105,0.6460732344765416,0.6595394736842105,0.5715409030035736,0.0,0.0,0.00010285949393129545,0.0003162887036985357,0.00010285949393129545,0.0003162887036985357,0.0,0.0,0.00010285949393129545,0.0,0.00010285949393129545,0.0002389486260454543,0.11398722487199389,0.09386937779754329,0.10343458373070191,0.08091133608296602,0.11395055050370986,0.09371491378765756,0.0,0.0,0.013008688367219521,0.016849455054691608,0.00010285949393129545,0.0002389486260454543
66,2024-03-11 15:19,COMPAS,1,0,Demographic Parity,27035,11587,1,0.12407077749211004,0.6653597188829296,0.442703555511971,0.6653597188829296,0.5316611786538497,0.6652282730646414,0.4425286552845651,0.6652282730646414,0.5314930840924856,1.0,1.0,1.0,1.0,1.0,1.0,1.0,1.0,1.0,1.0,1.0,1.0,1.0,1.0,1.0,1.0,0.999889032735343,0.9998890574239958,0.999889032735343,0.9998890327672265,1.0,1.0,1.0,1.0,0.68122803772887,0.666759882772151,0.68122803772887,0.5977282353797341,0.6774833865538966,0.6556561826023956,0.6774833865538966,0.5925713726118339,0.6670612169410024,0.683635689116623,0.6670612169410024,0.5375842942834306,0.6660913092258566,0.680174419399196,0.6660913092258566,0.5345880070122678,0.0,0.0,0.0003058103975535076,0.0,0.0003058103975535076,0.0,0.0,0.0,0.0,0.0,0.0003058103975535076,0.0,0.13152473411219284,0.1066806107909033,0.13152473411219284,0.1066806107909033,0.1313579562602915,0.1066806107909033,0.0,0.0,0.0,0.0,0.0003058103975535076,0.0
67,2024-03-11 15:19,COMPAS,1,0,Demographic Parity,27035,11587,2,0.12407077749211004,0.6653597188829296,0.442703555511971,0.6653597188829296,0.5316611786538497,0.6652282730646414,0.4425286552845651,0.6652282730646414,0.5314930840924856,1.0,1.0,1.0,1.0,1.0,1.0,1.0,1.0,1.0,1.0,1.0,1.0,1.0,1.0,1.0,1.0,1.0,1.0,1.0,1.0,1.0,1.0,1.0,1.0,0.68122803772887,0.666759882772151,0.68122803772887,0.5977282353797341,0.6774833865538966,0.6556561826023956,0.6774833865538966,0.5925713726118339,0.6665803587941557,0.6728345692487953,0.6665803587941557,0.5363537191825984,0.665659791145249,0.6299314731428909,0.665659791145249,0.535464305842137,0.0,0.0,0.0,0.0,0.0,0.0,0.0,0.0,0.0,0.0,0.0,0.0,0.13152473411219284,0.1066806107909033,0.13152473411219284,0.1066806107909033,0.13152473411219284,0.1066806107909033,0.0,0.0,0.0,0.0,0.0,0.0
68,2024-03-11 15:19,COMPAS,1,0,Demographic Parity,27035,11587,4,0.12407077749211004,0.6653597188829296,0.442703555511971,0.6653597188829296,0.5316611786538497,0.6652282730646414,0.4425286552845651,0.6652282730646414,0.5314930840924856,0.8760495653782134,0.9006636775867295,0.8760495653782134,0.874163546136001,0.8708897902822128,0.8972546379122714,0.8708897902822128,0.8685904130249531,1.0,1.0,1.0,1.0,1.0,1.0,1.0,1.0,0.9989643055298687,0.9989644025953287,0.9989643055298687,0.9989643048581909,0.9985328385259342,0.9985329769932263,0.9985328385259342,0.9985328408208727,0.68122803772887,0.666759882772151,0.68122803772887,0.5977282353797341,0.6774833865538966,0.6556561826023956,0.6774833865538966,0.5925713726118339,0.6674680969114112,0.6555715037688103,0.6674680969114112,0.5417577087599672,0.6642789332873047,0.5906872100201926,0.6642789332873047,0.5373754898657959,0.0,0.0,0.0018984664588108495,0.0024403267772204777,0.0018984664588108495,0.0024403267772204777,0.0,0.0,0.11584284090018038,0.12709814700669186,0.0007522739747510832,0.0008563052793941761,0.13152473411219284,0.1066806107909033,0.15128697247018197,0.13697857865185753,0.13152603682412695,0.1051321481028406,0.0,0.0,0.11584284090018038,0.12709814700669186,0.0011461924840597663,0.0015840214978263014
69,2024-03-11 15:38,COMPAS,0,1,Demographic Parity,30471,13059,1,0.10923814776654131,0.5507859932394736,0.5601635950136583,0.5507859932394736,0.5329036592480101,0.5634428363580672,0.5747777640157371,0.5634428363580672,0.5458426818188512,1.0,1.0,1.0,1.0,1.0,1.0,1.0,1.0,1.0,1.0,1.0,1.0,1.0,1.0,1.0,1.0,1.0,1.0,1.0,1.0,1.0,1.0,1.0,1.0,0.6068721079058778,0.6092535229389542,0.6068721079058778,0.6047791607341272,0.6168925645148939,0.6194262467649106,0.6168925645148939,0.614764873602427,0.600899215647665,0.6014081631684215,0.600899215647665,0.6004288830545234,0.6042576001225208,0.604702485609328,0.6042576001225208,0.6037924594171178,0.0,0.0,0.0,0.0,0.0,0.0,0.0,0.0,0.0,0.0,0.0,0.0,0.10186744609459625,0.12643365154180738,0.10186744609459625,0.12643365154180738,0.10186744609459625,0.12643365154180738,0.0,0.0,0.0,0.0,0.0,0.0
70,2024-03-11 15:38,COMPAS,0,1,Demographic Parity,30471,13059,2,0.10923814776654131,0.5507859932394736,0.5601635950136583,0.5507859932394736,0.5329036592480101,0.5634428363580672,0.5747777640157371,0.5634428363580672,0.5458426818188512,1.0,1.0,1.0,1.0,1.0,1.0,1.0,1.0,1.0,1.0,1.0,1.0,1.0,1.0,1.0,1.0,1.0,1.0,1.0,1.0,1.0,1.0,1.0,1.0,0.6068721079058778,0.6092535229389542,0.6068721079058778,0.6047791607341272,0.6168925645148939,0.6194262467649106,0.6168925645148939,0.614764873602427,0.596600045945325,0.599864917411592,0.596600045945325,0.5933589013015769,0.5956045639022897,0.5986199928882752,0.5956045639022897,0.5923629630722363,0.0,0.0,0.0,0.0,0.0,0.0,0.0,0.0,0.0,0.0,0.0,0.0,0.10186744609459625,0.12643365154180738,0.10186744609459625,0.12643365154180738,0.10186744609459625,0.12643365154180738,0.0,0.0,0.0,0.0,0.0,0.0
71,2024-03-11 15:38,COMPAS,0,1,Demographic Parity,30471,13059,4,0.10923814776654131,0.553969347904565,0.5634512320988742,0.553969347904565,0.536966326222141,0.5660464047783138,0.5773383132098258,0.5660464047783138,0.5492236769507137,0.9999671819106691,0.9999671834587653,0.9999671819106691,0.9999671814128791,1.0,1.0,1.0,1.0,1.0,1.0,1.0,1.0,1.0,1.0,1.0,1.0,1.0,1.0,1.0,1.0,1.0,1.0,1.0,1.0,0.6068721079058778,0.6092535229389542,0.6068721079058778,0.6047791607341272,0.6168925645148939,0.6194262467649106,0.6168925645148939,0.614764873602427,0.5926290571362935,0.5939934336276897,0.5926290571362935,0.5912034477715522,0.5995099165326595,0.6007731065358108,0.5995099165326595,0.5981721734329678,0.0,0.0,0.0,0.0,0.0,0.0,0.0,0.0,0.00018463810930580138,0.0,0.0,0.0,0.10186744609459625,0.12643365154180738,0.10180185942180814,0.12643365154180738,0.10186744609459625,0.12643365154180738,0.0,0.0,0.00018463810930580138,0.0,0.0,0.0
72,2024-03-11 15:38,COMPAS,0,1,Demographic Parity,30471,13059,8,0.10923814776654131,0.5460601883758328,0.5815784187961707,0.5460601883758328,0.4901214139597842,0.5500421165479745,0.5904181433869848,0.5500421165479745,0.494184120071994,0.997144826228217,0.9971636438982898,0.997144826228217,0.9971478758722631,0.9969369783291216,0.996960242017963,0.9969369783291216,0.9969406601203874,1.0,1.0,1.0,1.0,1.0,1.0,1.0,1.0,0.9999671819106691,0.9999671854493892,0.9999671819106691,0.9999671824083455,0.9996171222911402,0.999617605234769,0.9996171222911402,0.9996171904956961,0.6068721079058778,0.6092535229389542,0.6068721079058778,0.6047791607341272,0.6168925645148939,0.6194262467649106,0.6168925645148939,0.614764873602427,0.578648551081356,0.5817859868585841,0.578648551081356,0.5746799969975935,0.5775327360441075,0.5805986065548042,0.5775327360441075,0.5733006117614665,0.0,0.0,0.00010171905197843556,0.00011983762878160786,0.00010171905197843556,0.00011983762878160786,0.0,0.0,0.001477104874446078,0.001255230125522977,0.0,0.0,0.10186744609459625,0.12643365154180738,0.0981226642071607,0.1236829094986728,0.1019330327673843,0.1262813798294022,0.0,0.0,0.00410454764163076,0.002571345283580647,0.00010171905197843556,0.00011983762878160786
73,2024-03-11 15:38,COMPAS,0,1,Demographic Parity,30471,13059,16,0.10923814776654131,0.5721833874831808,0.5723195698367685,0.5721833874831808,0.5719526786437448,0.5772264338770197,0.5774424409966131,0.5772264338770197,0.5769765272138785,0.9776180630763677,0.9782824411119732,0.9776180630763677,0.9773727245456929,0.9775633662608163,0.9781865719718976,0.9775633662608163,0.9773211656277385,1.0,1.0,1.0,1.0,1.0,1.0,1.0,1.0,0.9972760985855403,0.99727780844619,0.9972760985855403,0.9972741464875005,0.9967072517038058,0.996706334208176,0.9967072517038058,0.9967059557738165,0.6068721079058778,0.6092535229389542,0.6068721079058778,0.6047791607341272,0.6168925645148939,0.6194262467649106,0.6168925645148939,0.614764873602427,0.5849168061435464,0.5858353636069054,0.5849168061435464,0.5837467852773673,0.5907037292288843,0.5917084962598002,0.5907037292288843,0.5896573832630171,0.0,0.0,0.0077535666389152895,0.00896474296722903,0.0077535666389152895,0.00896474296722903,0.0,0.0,0.06710745564568477,0.054626644372798294,0.0071185004226044235,0.0070740364435413206,0.10186744609459625,0.12643365154180738,0.0743334293410097,0.10111425740308619,0.09852232760932511,0.12199032919821343,0.0,0.0,0.06710745564568477,0.054626644372798294,0.0071185004226044235,0.0070740364435413206
74,2024-03-11 16:12,COMPAS,0,0,Demographic Parity,42558,18240,1,0.10799973225927703,0.6433807979698294,0.4139388511962945,0.6433807979698294,0.503764984606926,0.6388157894736842,0.40808561288088646,0.6388157894736842,0.4980249952460436,1.0,1.0,1.0,1.0,1.0,1.0,1.0,1.0,1.0,1.0,1.0,1.0,1.0,1.0,1.0,1.0,1.0,1.0,1.0,1.0,1.0,1.0,1.0,1.0,0.6619906950514591,0.6470748263232975,0.6619906950514591,0.5864840535061487,0.6571271929824561,0.6437580627969761,0.6571271929824561,0.5792303405758915,0.6443911837962311,0.668707693154888,0.6443911837962311,0.5073204572428237,0.6393092105263158,0.6354440808833399,0.6393092105263158,0.5004520479637481,0.0,0.0,0.0,0.0,0.0,0.0,0.0,0.0,0.0,0.0,0.0,0.0,0.10581779030665928,0.11304578370810578,0.10581779030665928,0.11304578370810578,0.10581779030665928,0.11304578370810578,0.0,0.0,0.0,0.0,0.0,0.0
75,2024-03-11 16:12,COMPAS,0,0,Demographic Parity,42558,18240,2,0.10799973225927703,0.6433807979698294,0.4139388511962945,0.6433807979698294,0.503764984606926,0.6388157894736842,0.40808561288088646,0.6388157894736842,0.4980249952460436,1.0,1.0,1.0,1.0,1.0,1.0,1.0,1.0,1.0,1.0,1.0,1.0,1.0,1.0,1.0,1.0,1.0,1.0,1.0,1.0,0.9999451754385965,0.9999451798354656,0.9999451754385965,0.9999451741630608,0.6619906950514591,0.6470748263232975,0.6619906950514591,0.5864840535061487,0.6571271929824561,0.6437580627969761,0.6571271929824561,0.5792303405758915,0.6551529677146483,0.6313533255825101,0.6551529677146483,0.5746399890061624,0.6512609649122807,0.6305751866142456,0.6512609649122807,0.567917285267533,0.0,0.0,0.0,0.00024021138601970637,0.0,0.00024021138601970637,0.0,0.0,0.0,0.0,0.0,0.00024021138601970637,0.10581779030665928,0.11304578370810578,0.10581779030665928,0.11304578370810578,0.10581779030665928,0.11295996153165541,0.0,0.0,0.0,0.0,0.0,0.00024021138601970637
76,2024-03-11 16:12,COMPAS,0,0,Demographic Parity,42558,18240,4,0.10799973225927703,0.6433807979698294,0.4139388511962945,0.6433807979698294,0.503764984606926,0.6388157894736842,0.40808561288088646,0.6388157894736842,0.4980249952460436,0.9996005451383994,0.9996010460776621,0.9996005451383994,0.9996006119321795,0.9997258771929824,0.9997261144465804,0.9997258771929824,0.9997259090439129,1.0,1.0,1.0,1.0,1.0,1.0,1.0,1.0,1.0,1.0,1.0,1.0,0.9999451754385965,0.999945184935316,0.9999451754385965,0.9999451767136325,0.6619906950514591,0.6470748263232975,0.6619906950514591,0.5864840535061487,0.6571271929824561,0.6437580627969761,0.6571271929824561,0.5792303405758915,0.6534846562338456,0.6424830643187337,0.6534846562338456,0.5508506767667446,0.6485745614035088,0.6377839798941002,0.6485745614035088,0.5445899062489523,0.0,0.0,0.0,0.00013352917612498332,0.0,0.00013352917612498332,0.0,0.0,0.0,0.0,0.0,0.0,0.10581779030665928,0.11304578370810578,0.10551696114189729,0.11323728127850965,0.10581779030665928,0.1131316058845562,0.0,0.0,0.0003371303122308797,0.0003332731616198369,0.0,0.00013352917612498332
77,2024-03-11 16:12,COMPAS,0,0,Demographic Parity,42558,18240,8,0.10799973225927703,0.6551999624042483,0.6411380613333267,0.6551999624042483,0.5603778588415815,0.6516447368421052,0.6421917585233804,0.6516447368421052,0.5554421450903237,0.9954650124535928,0.9955287506269438,0.9954650124535928,0.9954734942683761,0.9953947368421052,0.9954607959447801,0.9953947368421052,0.9954035880025853,1.0,1.0,1.0,1.0,1.0,1.0,1.0,1.0,0.9998590159311997,0.9998590783826146,0.9998590159311997,0.9998590242592539,0.999890350877193,0.9998903888574919,0.999890350877193,0.9998903559763379,0.6619906950514591,0.6470748263232975,0.6619906950514591,0.5864840535061487,0.6571271929824561,0.6437580627969761,0.6571271929824561,0.5792303405758915,0.6551999624042483,0.6394916903079252,0.6551999624042483,0.5621218878527119,0.6520833333333333,0.6423151445328865,0.6520833333333333,0.5573412139029135,0.0,0.0,0.00038259112209861924,6.731436675511308e-05,0.00038259112209861924,6.731436675511308e-05,0.0,0.0,0.0,0.0,0.0,0.0,0.10581779030665928,0.11304578370810578,0.09965547404727065,0.1064732744427499,0.10552486611023054,0.1129798147491585,0.0,0.0,0.007704949719776399,0.008177166907796025,0.00038259112209861924,6.731436675511308e-05
